now=,1.00,s,latency=,0.008,ms,t_curr_opnum=,130405,use time,1.00,s
now=,2.00,s,latency=,0.010,ms,t_curr_opnum=,228289,use time,1.00,s
now=,3.00,s,latency=,0.011,ms,t_curr_opnum=,317620,use time,1.00,s
now=,4.00,s,latency=,0.012,ms,t_curr_opnum=,401064,use time,1.00,s
now=,5.00,s,latency=,0.013,ms,t_curr_opnum=,480565,use time,1.00,s
now=,6.00,s,latency=,0.013,ms,t_curr_opnum=,556965,use time,1.00,s
now=,7.00,s,latency=,0.013,ms,t_curr_opnum=,631385,use time,1.00,s
now=,8.00,s,latency=,0.014,ms,t_curr_opnum=,704253,use time,1.00,s
now=,9.00,s,latency=,0.014,ms,t_curr_opnum=,775629,use time,1.00,s
now=,10.00,s,latency=,0.014,ms,t_curr_opnum=,845892,use time,1.00,s
now=,11.00,s,latency=,0.014,ms,t_curr_opnum=,915155,use time,1.00,s
now=,12.00,s,latency=,0.015,ms,t_curr_opnum=,983484,use time,1.00,s
now=,13.00,s,latency=,0.015,ms,t_curr_opnum=,1050756,use time,1.00,s
now=,14.00,s,latency=,0.015,ms,t_curr_opnum=,1117185,use time,1.00,s
now=,15.00,s,latency=,0.015,ms,t_curr_opnum=,1182946,use time,1.00,s
now=,16.00,s,latency=,0.015,ms,t_curr_opnum=,1248114,use time,1.00,s
now=,17.00,s,latency=,0.015,ms,t_curr_opnum=,1312656,use time,1.00,s
now=,18.00,s,latency=,0.016,ms,t_curr_opnum=,1376602,use time,1.00,s
now=,19.00,s,latency=,0.016,ms,t_curr_opnum=,1440216,use time,1.00,s
now=,20.00,s,latency=,0.016,ms,t_curr_opnum=,1503245,use time,1.00,s
now=,21.00,s,latency=,0.016,ms,t_curr_opnum=,1565696,use time,1.00,s
now=,22.00,s,latency=,0.016,ms,t_curr_opnum=,1627681,use time,1.00,s
now=,23.00,s,latency=,0.016,ms,t_curr_opnum=,1689349,use time,1.00,s
now=,24.00,s,latency=,0.016,ms,t_curr_opnum=,1750548,use time,1.00,s
now=,25.00,s,latency=,0.016,ms,t_curr_opnum=,1811452,use time,1.00,s
now=,26.00,s,latency=,0.017,ms,t_curr_opnum=,1872027,use time,1.00,s
now=,27.00,s,latency=,0.017,ms,t_curr_opnum=,1932360,use time,1.00,s
now=,28.00,s,latency=,0.017,ms,t_curr_opnum=,1992260,use time,1.00,s
now=,29.00,s,latency=,0.017,ms,t_curr_opnum=,2052032,use time,1.00,s
now=,30.00,s,latency=,0.017,ms,t_curr_opnum=,2111397,use time,1.00,s
now=,31.00,s,latency=,0.017,ms,t_curr_opnum=,2170469,use time,1.00,s
now=,32.00,s,latency=,0.017,ms,t_curr_opnum=,2229143,use time,1.00,s
now=,33.00,s,latency=,0.017,ms,t_curr_opnum=,2287834,use time,1.00,s
now=,34.00,s,latency=,0.017,ms,t_curr_opnum=,2346365,use time,1.00,s
now=,35.00,s,latency=,0.017,ms,t_curr_opnum=,2404595,use time,1.00,s
now=,36.00,s,latency=,0.017,ms,t_curr_opnum=,2462675,use time,1.00,s
now=,37.00,s,latency=,0.017,ms,t_curr_opnum=,2520407,use time,1.00,s
now=,38.00,s,latency=,0.017,ms,t_curr_opnum=,2577828,use time,1.00,s
now=,39.00,s,latency=,0.017,ms,t_curr_opnum=,2635124,use time,1.00,s
now=,40.00,s,latency=,0.018,ms,t_curr_opnum=,2692210,use time,1.00,s
now=,41.00,s,latency=,0.018,ms,t_curr_opnum=,2748915,use time,1.00,s
now=,42.00,s,latency=,0.018,ms,t_curr_opnum=,2805510,use time,1.00,s
now=,43.00,s,latency=,0.018,ms,t_curr_opnum=,2862065,use time,1.00,s
now=,44.00,s,latency=,0.018,ms,t_curr_opnum=,2918372,use time,1.00,s
now=,45.00,s,latency=,0.018,ms,t_curr_opnum=,2974516,use time,1.00,s
now=,46.00,s,latency=,0.018,ms,t_curr_opnum=,3030480,use time,1.00,s
now=,1.00,s,latency=,0.008,ms,t_curr_opnum=,131397,use time,1.00,s
now=,2.00,s,latency=,0.010,ms,t_curr_opnum=,226673,use time,1.00,s
now=,3.00,s,latency=,0.011,ms,t_curr_opnum=,316228,use time,1.00,s
now=,4.00,s,latency=,0.012,ms,t_curr_opnum=,399593,use time,1.00,s
now=,5.00,s,latency=,0.013,ms,t_curr_opnum=,479166,use time,1.00,s
now=,6.00,s,latency=,0.013,ms,t_curr_opnum=,555876,use time,1.00,s
now=,7.00,s,latency=,0.013,ms,t_curr_opnum=,630246,use time,1.00,s
now=,8.00,s,latency=,0.014,ms,t_curr_opnum=,702938,use time,1.00,s
now=,9.00,s,latency=,0.014,ms,t_curr_opnum=,774148,use time,1.00,s
now=,10.00,s,latency=,0.014,ms,t_curr_opnum=,844227,use time,1.00,s
now=,11.00,s,latency=,0.015,ms,t_curr_opnum=,913190,use time,1.00,s
now=,12.00,s,latency=,0.015,ms,t_curr_opnum=,981271,use time,1.00,s
now=,13.00,s,latency=,0.015,ms,t_curr_opnum=,1048577,use time,1.00,s
now=,14.00,s,latency=,0.015,ms,t_curr_opnum=,1114894,use time,1.00,s
now=,15.00,s,latency=,0.015,ms,t_curr_opnum=,1180143,use time,1.00,s
now=,16.00,s,latency=,0.015,ms,t_curr_opnum=,1245328,use time,1.00,s
now=,17.00,s,latency=,0.015,ms,t_curr_opnum=,1309958,use time,1.00,s
now=,18.00,s,latency=,0.016,ms,t_curr_opnum=,1373953,use time,1.00,s
now=,19.00,s,latency=,0.016,ms,t_curr_opnum=,1437380,use time,1.00,s
now=,20.00,s,latency=,0.016,ms,t_curr_opnum=,1500409,use time,1.00,s
now=,21.00,s,latency=,0.016,ms,t_curr_opnum=,1562788,use time,1.00,s
now=,22.00,s,latency=,0.016,ms,t_curr_opnum=,1624654,use time,1.00,s
now=,23.00,s,latency=,0.016,ms,t_curr_opnum=,1686215,use time,1.00,s
now=,24.00,s,latency=,0.016,ms,t_curr_opnum=,1747312,use time,1.00,s
now=,25.00,s,latency=,0.016,ms,t_curr_opnum=,1808226,use time,1.00,s
now=,26.00,s,latency=,0.017,ms,t_curr_opnum=,1868813,use time,1.00,s
now=,27.00,s,latency=,0.017,ms,t_curr_opnum=,1929172,use time,1.00,s
now=,28.00,s,latency=,0.017,ms,t_curr_opnum=,1988410,use time,1.00,s
now=,29.00,s,latency=,0.017,ms,t_curr_opnum=,2048157,use time,1.00,s
now=,30.00,s,latency=,0.017,ms,t_curr_opnum=,2107530,use time,1.00,s
now=,31.00,s,latency=,0.017,ms,t_curr_opnum=,2166570,use time,1.00,s
now=,32.00,s,latency=,0.017,ms,t_curr_opnum=,2225375,use time,1.00,s
now=,33.00,s,latency=,0.017,ms,t_curr_opnum=,2284007,use time,1.00,s
now=,34.00,s,latency=,0.017,ms,t_curr_opnum=,2342432,use time,1.00,s
now=,35.00,s,latency=,0.017,ms,t_curr_opnum=,2400291,use time,1.00,s
now=,36.00,s,latency=,0.017,ms,t_curr_opnum=,2458035,use time,1.00,s
now=,37.00,s,latency=,0.017,ms,t_curr_opnum=,2515716,use time,1.00,s
now=,38.00,s,latency=,0.018,ms,t_curr_opnum=,2572696,use time,1.00,s
now=,39.00,s,latency=,0.017,ms,t_curr_opnum=,2629867,use time,1.00,s
now=,40.00,s,latency=,0.018,ms,t_curr_opnum=,2686774,use time,1.00,s
now=,41.00,s,latency=,0.018,ms,t_curr_opnum=,2743365,use time,1.00,s
now=,42.00,s,latency=,0.018,ms,t_curr_opnum=,2799934,use time,1.00,s
now=,43.00,s,latency=,0.018,ms,t_curr_opnum=,2856340,use time,1.00,s
now=,44.00,s,latency=,0.018,ms,t_curr_opnum=,2912546,use time,1.00,s
now=,45.00,s,latency=,0.018,ms,t_curr_opnum=,2968638,use time,1.00,s
now=,46.00,s,latency=,0.018,ms,t_curr_opnum=,3024446,use time,1.00,s
now=,1.00,s,latency=,0.020,ms,t_curr_opnum=,50749,use time,1.00,s
now=,2.00,s,latency=,0.023,ms,t_curr_opnum=,94763,use time,1.00,s
now=,3.00,s,latency=,0.023,ms,t_curr_opnum=,138322,use time,1.00,s
now=,4.00,s,latency=,0.024,ms,t_curr_opnum=,180240,use time,1.00,s
now=,5.00,s,latency=,0.024,ms,t_curr_opnum=,221266,use time,1.00,s
now=,6.00,s,latency=,0.025,ms,t_curr_opnum=,261400,use time,1.00,s
now=,7.00,s,latency=,0.025,ms,t_curr_opnum=,300892,use time,1.00,s
now=,8.00,s,latency=,0.026,ms,t_curr_opnum=,339701,use time,1.00,s
now=,9.00,s,latency=,0.026,ms,t_curr_opnum=,377956,use time,1.00,s
now=,10.00,s,latency=,0.026,ms,t_curr_opnum=,415734,use time,1.00,s
now=,11.00,s,latency=,0.027,ms,t_curr_opnum=,453164,use time,1.00,s
now=,12.00,s,latency=,0.027,ms,t_curr_opnum=,490258,use time,1.00,s
now=,13.00,s,latency=,0.027,ms,t_curr_opnum=,527004,use time,1.00,s
now=,14.00,s,latency=,0.028,ms,t_curr_opnum=,563115,use time,1.00,s
now=,15.00,s,latency=,0.028,ms,t_curr_opnum=,598711,use time,1.00,s
now=,16.00,s,latency=,0.029,ms,t_curr_opnum=,633720,use time,1.00,s
now=,17.00,s,latency=,0.029,ms,t_curr_opnum=,668406,use time,1.00,s
now=,18.00,s,latency=,0.029,ms,t_curr_opnum=,702967,use time,1.00,s
now=,19.00,s,latency=,0.029,ms,t_curr_opnum=,737462,use time,1.00,s
now=,1.00,s,latency=,0.008,ms,t_curr_opnum=,130396,use time,1.00,s
now=,2.00,s,latency=,0.010,ms,t_curr_opnum=,227831,use time,1.00,s
now=,3.00,s,latency=,0.011,ms,t_curr_opnum=,316214,use time,1.00,s
now=,4.00,s,latency=,0.012,ms,t_curr_opnum=,398523,use time,1.00,s
now=,5.00,s,latency=,0.013,ms,t_curr_opnum=,475515,use time,1.00,s
now=,6.00,s,latency=,0.014,ms,t_curr_opnum=,547772,use time,1.00,s
now=,7.00,s,latency=,0.014,ms,t_curr_opnum=,621131,use time,1.00,s
now=,8.00,s,latency=,0.014,ms,t_curr_opnum=,691391,use time,1.00,s
now=,9.00,s,latency=,0.014,ms,t_curr_opnum=,761236,use time,1.00,s
now=,10.00,s,latency=,0.014,ms,t_curr_opnum=,831028,use time,1.00,s
now=,11.00,s,latency=,0.015,ms,t_curr_opnum=,899600,use time,1.00,s
now=,12.00,s,latency=,0.015,ms,t_curr_opnum=,967341,use time,1.00,s
now=,13.00,s,latency=,0.015,ms,t_curr_opnum=,1034095,use time,1.00,s
now=,14.00,s,latency=,0.015,ms,t_curr_opnum=,1100168,use time,1.00,s
now=,15.00,s,latency=,0.015,ms,t_curr_opnum=,1165237,use time,1.00,s
now=,16.00,s,latency=,0.015,ms,t_curr_opnum=,1229962,use time,1.00,s
now=,17.00,s,latency=,0.016,ms,t_curr_opnum=,1294046,use time,1.00,s
now=,18.00,s,latency=,0.016,ms,t_curr_opnum=,1357668,use time,1.00,s
now=,19.00,s,latency=,0.016,ms,t_curr_opnum=,1420817,use time,1.00,s
now=,20.00,s,latency=,0.016,ms,t_curr_opnum=,1483487,use time,1.00,s
now=,21.00,s,latency=,0.016,ms,t_curr_opnum=,1544874,use time,1.00,s
now=,22.00,s,latency=,0.016,ms,t_curr_opnum=,1606868,use time,1.00,s
now=,23.00,s,latency=,0.016,ms,t_curr_opnum=,1668378,use time,1.00,s
now=,24.00,s,latency=,0.016,ms,t_curr_opnum=,1729415,use time,1.00,s
now=,25.00,s,latency=,0.017,ms,t_curr_opnum=,1790015,use time,1.00,s
now=,26.00,s,latency=,0.017,ms,t_curr_opnum=,1850424,use time,1.00,s
now=,27.00,s,latency=,0.017,ms,t_curr_opnum=,1910508,use time,1.00,s
now=,28.00,s,latency=,0.017,ms,t_curr_opnum=,1970114,use time,1.00,s
now=,29.00,s,latency=,0.017,ms,t_curr_opnum=,2029695,use time,1.00,s
now=,30.00,s,latency=,0.017,ms,t_curr_opnum=,2089004,use time,1.00,s
now=,31.00,s,latency=,0.017,ms,t_curr_opnum=,2148013,use time,1.00,s
now=,32.00,s,latency=,0.017,ms,t_curr_opnum=,2206523,use time,1.00,s
now=,33.00,s,latency=,0.017,ms,t_curr_opnum=,2264800,use time,1.00,s
now=,34.00,s,latency=,0.017,ms,t_curr_opnum=,2322703,use time,1.00,s
now=,35.00,s,latency=,0.017,ms,t_curr_opnum=,2380190,use time,1.00,s
now=,36.00,s,latency=,0.017,ms,t_curr_opnum=,2437752,use time,1.00,s
now=,37.00,s,latency=,0.017,ms,t_curr_opnum=,2495214,use time,1.00,s
now=,38.00,s,latency=,0.017,ms,t_curr_opnum=,2552609,use time,1.00,s
now=,39.00,s,latency=,0.018,ms,t_curr_opnum=,2609684,use time,1.00,s
now=,40.00,s,latency=,0.018,ms,t_curr_opnum=,2666595,use time,1.00,s
now=,41.00,s,latency=,0.018,ms,t_curr_opnum=,2723258,use time,1.00,s
now=,42.00,s,latency=,0.018,ms,t_curr_opnum=,2779678,use time,1.00,s
now=,43.00,s,latency=,0.018,ms,t_curr_opnum=,2836001,use time,1.00,s
now=,44.00,s,latency=,0.018,ms,t_curr_opnum=,2892112,use time,1.00,s
now=,45.00,s,latency=,0.018,ms,t_curr_opnum=,2948126,use time,1.00,s
now=,46.00,s,latency=,0.018,ms,t_curr_opnum=,3004023,use time,1.00,s
now=,47.00,s,latency=,0.018,ms,t_curr_opnum=,3059747,use time,1.00,s
now=,48.00,s,latency=,0.018,ms,t_curr_opnum=,3115207,use time,1.00,s
now=,49.00,s,latency=,0.018,ms,t_curr_opnum=,3170581,use time,1.00,s
now=,50.00,s,latency=,0.018,ms,t_curr_opnum=,3225617,use time,1.00,s
now=,51.00,s,latency=,0.018,ms,t_curr_opnum=,3280540,use time,1.00,s
now=,52.00,s,latency=,0.018,ms,t_curr_opnum=,3335483,use time,1.00,s
now=,53.00,s,latency=,0.018,ms,t_curr_opnum=,3390070,use time,1.00,s
now=,54.00,s,latency=,0.018,ms,t_curr_opnum=,3444533,use time,1.00,s
now=,55.00,s,latency=,0.018,ms,t_curr_opnum=,3499011,use time,1.00,s
now=,56.00,s,latency=,0.018,ms,t_curr_opnum=,3553326,use time,1.00,s
now=,57.00,s,latency=,0.018,ms,t_curr_opnum=,3607642,use time,1.00,s
now=,58.00,s,latency=,0.019,ms,t_curr_opnum=,3661596,use time,1.00,s
now=,59.00,s,latency=,0.019,ms,t_curr_opnum=,3715547,use time,1.00,s
now=,60.00,s,latency=,0.019,ms,t_curr_opnum=,3769467,use time,1.00,s
now=,61.00,s,latency=,0.019,ms,t_curr_opnum=,3823262,use time,1.00,s
now=,62.00,s,latency=,0.019,ms,t_curr_opnum=,3876885,use time,1.00,s
now=,63.00,s,latency=,0.019,ms,t_curr_opnum=,3930550,use time,1.00,s
now=,64.00,s,latency=,0.019,ms,t_curr_opnum=,3984074,use time,1.00,s
now=,65.00,s,latency=,0.019,ms,t_curr_opnum=,4037386,use time,1.00,s
now=,66.00,s,latency=,0.019,ms,t_curr_opnum=,4090573,use time,1.00,s
now=,67.00,s,latency=,0.019,ms,t_curr_opnum=,4143786,use time,1.00,s
now=,68.00,s,latency=,0.019,ms,t_curr_opnum=,4196657,use time,1.00,s
now=,69.00,s,latency=,0.019,ms,t_curr_opnum=,4249463,use time,1.00,s
now=,70.00,s,latency=,0.019,ms,t_curr_opnum=,4302377,use time,1.00,s
now=,71.00,s,latency=,0.019,ms,t_curr_opnum=,4355115,use time,1.00,s
now=,72.00,s,latency=,0.019,ms,t_curr_opnum=,4407830,use time,1.00,s
now=,73.00,s,latency=,0.019,ms,t_curr_opnum=,4460344,use time,1.00,s
now=,74.00,s,latency=,0.019,ms,t_curr_opnum=,4512809,use time,1.00,s
now=,75.00,s,latency=,0.019,ms,t_curr_opnum=,4565117,use time,1.00,s
now=,76.00,s,latency=,0.019,ms,t_curr_opnum=,4617361,use time,1.00,s
now=,77.00,s,latency=,0.019,ms,t_curr_opnum=,4669514,use time,1.00,s
now=,78.00,s,latency=,0.019,ms,t_curr_opnum=,4721612,use time,1.00,s
now=,79.00,s,latency=,0.019,ms,t_curr_opnum=,4773661,use time,1.00,s
now=,80.00,s,latency=,0.019,ms,t_curr_opnum=,4825594,use time,1.00,s
now=,81.00,s,latency=,0.019,ms,t_curr_opnum=,4877491,use time,1.00,s
now=,82.00,s,latency=,0.019,ms,t_curr_opnum=,4929307,use time,1.00,s
now=,83.00,s,latency=,0.019,ms,t_curr_opnum=,4980998,use time,1.00,s
now=,84.00,s,latency=,0.019,ms,t_curr_opnum=,5032607,use time,1.00,s
now=,85.00,s,latency=,0.019,ms,t_curr_opnum=,5084052,use time,1.00,s
now=,86.00,s,latency=,0.019,ms,t_curr_opnum=,5135488,use time,1.00,s
now=,87.00,s,latency=,0.019,ms,t_curr_opnum=,5186926,use time,1.00,s
now=,88.00,s,latency=,0.019,ms,t_curr_opnum=,5238396,use time,1.00,s
now=,89.00,s,latency=,0.020,ms,t_curr_opnum=,5289641,use time,1.00,s
now=,90.00,s,latency=,0.020,ms,t_curr_opnum=,5340855,use time,1.00,s
now=,91.00,s,latency=,0.020,ms,t_curr_opnum=,5392031,use time,1.00,s
now=,92.00,s,latency=,0.020,ms,t_curr_opnum=,5443154,use time,1.00,s
now=,93.00,s,latency=,0.020,ms,t_curr_opnum=,5494189,use time,1.00,s
now=,94.00,s,latency=,0.020,ms,t_curr_opnum=,5545216,use time,1.00,s
now=,95.00,s,latency=,0.020,ms,t_curr_opnum=,5596071,use time,1.00,s
now=,96.00,s,latency=,0.020,ms,t_curr_opnum=,5646888,use time,1.00,s
now=,97.00,s,latency=,0.020,ms,t_curr_opnum=,5697566,use time,1.00,s
now=,98.00,s,latency=,0.020,ms,t_curr_opnum=,5748340,use time,1.00,s
now=,99.00,s,latency=,0.020,ms,t_curr_opnum=,5799050,use time,1.00,s
now=,100.00,s,latency=,0.020,ms,t_curr_opnum=,5849822,use time,1.00,s
now=,101.00,s,latency=,0.020,ms,t_curr_opnum=,5900388,use time,1.00,s
now=,102.00,s,latency=,0.020,ms,t_curr_opnum=,5950898,use time,1.00,s
now=,103.00,s,latency=,0.020,ms,t_curr_opnum=,6001436,use time,1.00,s
now=,104.00,s,latency=,0.020,ms,t_curr_opnum=,6051964,use time,1.00,s
now=,105.00,s,latency=,0.020,ms,t_curr_opnum=,6102343,use time,1.00,s
now=,106.00,s,latency=,0.020,ms,t_curr_opnum=,6152708,use time,1.00,s
now=,107.00,s,latency=,0.020,ms,t_curr_opnum=,6202889,use time,1.00,s
now=,108.00,s,latency=,0.020,ms,t_curr_opnum=,6253159,use time,1.00,s
now=,109.00,s,latency=,0.020,ms,t_curr_opnum=,6303140,use time,1.00,s
now=,110.00,s,latency=,0.020,ms,t_curr_opnum=,6353151,use time,1.00,s
now=,111.00,s,latency=,0.020,ms,t_curr_opnum=,6403238,use time,1.00,s
now=,112.00,s,latency=,0.020,ms,t_curr_opnum=,6453281,use time,1.00,s
now=,113.00,s,latency=,0.020,ms,t_curr_opnum=,6503221,use time,1.00,s
now=,114.00,s,latency=,0.020,ms,t_curr_opnum=,6553113,use time,1.00,s
now=,115.00,s,latency=,0.020,ms,t_curr_opnum=,6602942,use time,1.00,s
now=,116.00,s,latency=,0.020,ms,t_curr_opnum=,6652801,use time,1.00,s
now=,117.00,s,latency=,0.020,ms,t_curr_opnum=,6702593,use time,1.00,s
now=,118.00,s,latency=,0.020,ms,t_curr_opnum=,6752392,use time,1.00,s
now=,119.00,s,latency=,0.020,ms,t_curr_opnum=,6802139,use time,1.00,s
now=,120.00,s,latency=,0.020,ms,t_curr_opnum=,6852201,use time,1.00,s
now=,121.00,s,latency=,0.020,ms,t_curr_opnum=,6902284,use time,1.00,s
now=,122.00,s,latency=,0.020,ms,t_curr_opnum=,6952352,use time,1.00,s
now=,123.00,s,latency=,0.020,ms,t_curr_opnum=,7002438,use time,1.00,s
now=,124.00,s,latency=,0.020,ms,t_curr_opnum=,7052118,use time,1.00,s
now=,125.00,s,latency=,0.020,ms,t_curr_opnum=,7101653,use time,1.00,s
now=,126.00,s,latency=,0.020,ms,t_curr_opnum=,7151470,use time,1.00,s
now=,127.00,s,latency=,0.020,ms,t_curr_opnum=,7201327,use time,1.00,s
now=,128.00,s,latency=,0.020,ms,t_curr_opnum=,7251047,use time,1.00,s
now=,129.00,s,latency=,0.020,ms,t_curr_opnum=,7300719,use time,1.00,s
now=,130.00,s,latency=,0.020,ms,t_curr_opnum=,7350337,use time,1.00,s
now=,131.00,s,latency=,0.020,ms,t_curr_opnum=,7399914,use time,1.00,s
now=,132.00,s,latency=,0.020,ms,t_curr_opnum=,7448940,use time,1.00,s
now=,133.00,s,latency=,0.020,ms,t_curr_opnum=,7497933,use time,1.00,s
now=,134.00,s,latency=,0.020,ms,t_curr_opnum=,7546832,use time,1.00,s
now=,135.00,s,latency=,0.020,ms,t_curr_opnum=,7595917,use time,1.00,s
now=,136.00,s,latency=,0.020,ms,t_curr_opnum=,7644911,use time,1.00,s
now=,137.00,s,latency=,0.021,ms,t_curr_opnum=,7693679,use time,1.00,s
now=,138.00,s,latency=,0.020,ms,t_curr_opnum=,7742692,use time,1.00,s
now=,139.00,s,latency=,0.020,ms,t_curr_opnum=,7791530,use time,1.00,s
now=,140.00,s,latency=,0.020,ms,t_curr_opnum=,7840451,use time,1.00,s
now=,141.00,s,latency=,0.021,ms,t_curr_opnum=,7889120,use time,1.00,s
now=,142.00,s,latency=,0.021,ms,t_curr_opnum=,7937798,use time,1.00,s
now=,143.00,s,latency=,0.020,ms,t_curr_opnum=,7986586,use time,1.00,s
now=,144.00,s,latency=,0.021,ms,t_curr_opnum=,8035284,use time,1.00,s
now=,145.00,s,latency=,0.021,ms,t_curr_opnum=,8083786,use time,1.00,s
now=,146.00,s,latency=,0.021,ms,t_curr_opnum=,8132323,use time,1.00,s
now=,147.00,s,latency=,0.021,ms,t_curr_opnum=,8180720,use time,1.00,s
now=,148.00,s,latency=,0.021,ms,t_curr_opnum=,8229294,use time,1.00,s
now=,149.00,s,latency=,0.021,ms,t_curr_opnum=,8277642,use time,1.00,s
now=,150.00,s,latency=,0.021,ms,t_curr_opnum=,8325950,use time,1.00,s
now=,151.00,s,latency=,0.021,ms,t_curr_opnum=,8374233,use time,1.00,s
now=,152.00,s,latency=,0.021,ms,t_curr_opnum=,8422446,use time,1.00,s
now=,153.00,s,latency=,0.021,ms,t_curr_opnum=,8470596,use time,1.00,s
now=,154.00,s,latency=,0.021,ms,t_curr_opnum=,8518822,use time,1.00,s
now=,155.00,s,latency=,0.021,ms,t_curr_opnum=,8566950,use time,1.00,s
now=,156.00,s,latency=,0.021,ms,t_curr_opnum=,8615165,use time,1.00,s
now=,157.00,s,latency=,0.021,ms,t_curr_opnum=,8663302,use time,1.00,s
now=,158.00,s,latency=,0.021,ms,t_curr_opnum=,8711346,use time,1.00,s
now=,159.00,s,latency=,0.021,ms,t_curr_opnum=,8759468,use time,1.00,s
now=,160.00,s,latency=,0.021,ms,t_curr_opnum=,8807568,use time,1.00,s
now=,161.00,s,latency=,0.021,ms,t_curr_opnum=,8855633,use time,1.00,s
now=,162.00,s,latency=,0.021,ms,t_curr_opnum=,8903652,use time,1.00,s
now=,251.38,s,latency=,1.100,ms,t_curr_opnum=,8984880,use time,89.38,s
now=,252.38,s,latency=,0.010,ms,t_curr_opnum=,9086733,use time,1.00,s
now=,253.38,s,latency=,0.010,ms,t_curr_opnum=,9181979,use time,1.00,s
now=,254.38,s,latency=,0.012,ms,t_curr_opnum=,9268894,use time,1.00,s
now=,255.38,s,latency=,0.012,ms,t_curr_opnum=,9349913,use time,1.00,s
now=,256.38,s,latency=,0.013,ms,t_curr_opnum=,9427454,use time,1.00,s
now=,257.38,s,latency=,0.013,ms,t_curr_opnum=,9502635,use time,1.00,s
now=,258.38,s,latency=,0.014,ms,t_curr_opnum=,9575673,use time,1.00,s
now=,259.38,s,latency=,0.014,ms,t_curr_opnum=,9647576,use time,1.00,s
now=,260.38,s,latency=,0.014,ms,t_curr_opnum=,9718028,use time,1.00,s
now=,261.38,s,latency=,0.014,ms,t_curr_opnum=,9787317,use time,1.00,s
now=,262.38,s,latency=,0.015,ms,t_curr_opnum=,9855407,use time,1.00,s
now=,263.38,s,latency=,0.015,ms,t_curr_opnum=,9922687,use time,1.00,s
now=,264.38,s,latency=,0.015,ms,t_curr_opnum=,9989291,use time,1.00,s
now=,265.38,s,latency=,0.015,ms,t_curr_opnum=,10055166,use time,1.00,s
now=,266.38,s,latency=,0.015,ms,t_curr_opnum=,10120429,use time,1.00,s
now=,267.38,s,latency=,0.015,ms,t_curr_opnum=,10185137,use time,1.00,s
now=,268.38,s,latency=,0.016,ms,t_curr_opnum=,10249254,use time,1.00,s
now=,269.38,s,latency=,0.016,ms,t_curr_opnum=,10312672,use time,1.00,s
now=,270.38,s,latency=,0.016,ms,t_curr_opnum=,10375517,use time,1.00,s
now=,271.38,s,latency=,0.016,ms,t_curr_opnum=,10437885,use time,1.00,s
now=,272.38,s,latency=,0.016,ms,t_curr_opnum=,10499920,use time,1.00,s
now=,273.38,s,latency=,0.016,ms,t_curr_opnum=,10561727,use time,1.00,s
now=,274.38,s,latency=,0.016,ms,t_curr_opnum=,10623055,use time,1.00,s
now=,275.38,s,latency=,0.016,ms,t_curr_opnum=,10683988,use time,1.00,s
now=,276.38,s,latency=,0.016,ms,t_curr_opnum=,10744670,use time,1.00,s
now=,277.38,s,latency=,0.017,ms,t_curr_opnum=,10804858,use time,1.00,s
now=,278.38,s,latency=,0.017,ms,t_curr_opnum=,10864868,use time,1.00,s
now=,279.38,s,latency=,0.017,ms,t_curr_opnum=,10924593,use time,1.00,s
now=,280.38,s,latency=,0.017,ms,t_curr_opnum=,10983947,use time,1.00,s
now=,281.38,s,latency=,0.017,ms,t_curr_opnum=,11042970,use time,1.00,s
now=,282.38,s,latency=,0.017,ms,t_curr_opnum=,11101749,use time,1.00,s
now=,283.38,s,latency=,0.017,ms,t_curr_opnum=,11160435,use time,1.00,s
now=,284.38,s,latency=,0.017,ms,t_curr_opnum=,11218737,use time,1.00,s
now=,285.38,s,latency=,0.017,ms,t_curr_opnum=,11276633,use time,1.00,s
now=,286.38,s,latency=,0.017,ms,t_curr_opnum=,11334434,use time,1.00,s
now=,287.38,s,latency=,0.017,ms,t_curr_opnum=,11392005,use time,1.00,s
now=,288.38,s,latency=,0.017,ms,t_curr_opnum=,11449310,use time,1.00,s
now=,289.38,s,latency=,0.017,ms,t_curr_opnum=,11506491,use time,1.00,s
now=,290.38,s,latency=,0.018,ms,t_curr_opnum=,11563494,use time,1.00,s
now=,291.38,s,latency=,0.018,ms,t_curr_opnum=,11620250,use time,1.00,s
now=,292.38,s,latency=,0.018,ms,t_curr_opnum=,11676967,use time,1.00,s
now=,293.38,s,latency=,0.018,ms,t_curr_opnum=,11733367,use time,1.00,s
now=,294.38,s,latency=,0.018,ms,t_curr_opnum=,11789622,use time,1.00,s
now=,295.38,s,latency=,0.018,ms,t_curr_opnum=,11845760,use time,1.00,s
now=,296.38,s,latency=,0.018,ms,t_curr_opnum=,11901789,use time,1.00,s
now=,297.38,s,latency=,0.018,ms,t_curr_opnum=,11957690,use time,1.00,s
now=,298.38,s,latency=,0.018,ms,t_curr_opnum=,12013479,use time,1.00,s
now=,299.38,s,latency=,0.018,ms,t_curr_opnum=,12069157,use time,1.00,s
now=,300.38,s,latency=,0.018,ms,t_curr_opnum=,12124615,use time,1.00,s
now=,301.38,s,latency=,0.018,ms,t_curr_opnum=,12179870,use time,1.00,s
now=,302.38,s,latency=,0.018,ms,t_curr_opnum=,12235049,use time,1.00,s
now=,303.38,s,latency=,0.018,ms,t_curr_opnum=,12290007,use time,1.00,s
now=,304.38,s,latency=,0.018,ms,t_curr_opnum=,12344783,use time,1.00,s
now=,305.38,s,latency=,0.018,ms,t_curr_opnum=,12399462,use time,1.00,s
now=,306.38,s,latency=,0.018,ms,t_curr_opnum=,12454003,use time,1.00,s
now=,307.38,s,latency=,0.018,ms,t_curr_opnum=,12508369,use time,1.00,s
now=,308.38,s,latency=,0.018,ms,t_curr_opnum=,12562655,use time,1.00,s
now=,309.38,s,latency=,0.018,ms,t_curr_opnum=,12617174,use time,1.00,s
now=,310.38,s,latency=,0.018,ms,t_curr_opnum=,12671695,use time,1.00,s
now=,311.38,s,latency=,0.019,ms,t_curr_opnum=,12725659,use time,1.00,s
now=,312.38,s,latency=,0.019,ms,t_curr_opnum=,12779437,use time,1.00,s
now=,313.38,s,latency=,0.019,ms,t_curr_opnum=,12833151,use time,1.00,s
now=,314.38,s,latency=,0.019,ms,t_curr_opnum=,12886703,use time,1.00,s
now=,315.38,s,latency=,0.019,ms,t_curr_opnum=,12940273,use time,1.00,s
now=,316.38,s,latency=,0.019,ms,t_curr_opnum=,12993942,use time,1.00,s
now=,317.38,s,latency=,0.019,ms,t_curr_opnum=,13047484,use time,1.00,s
now=,318.38,s,latency=,0.019,ms,t_curr_opnum=,13100940,use time,1.00,s
now=,319.38,s,latency=,0.019,ms,t_curr_opnum=,13154264,use time,1.00,s
now=,320.38,s,latency=,0.019,ms,t_curr_opnum=,13207441,use time,1.00,s
now=,321.38,s,latency=,0.019,ms,t_curr_opnum=,13260569,use time,1.00,s
now=,322.38,s,latency=,0.019,ms,t_curr_opnum=,13313555,use time,1.00,s
now=,323.38,s,latency=,0.019,ms,t_curr_opnum=,13366514,use time,1.00,s
now=,324.38,s,latency=,0.019,ms,t_curr_opnum=,13419191,use time,1.00,s
now=,325.38,s,latency=,0.019,ms,t_curr_opnum=,13471914,use time,1.00,s
now=,326.38,s,latency=,0.019,ms,t_curr_opnum=,13524578,use time,1.00,s
now=,327.38,s,latency=,0.019,ms,t_curr_opnum=,13577128,use time,1.00,s
now=,328.38,s,latency=,0.019,ms,t_curr_opnum=,13629695,use time,1.00,s
now=,329.38,s,latency=,0.019,ms,t_curr_opnum=,13682149,use time,1.00,s
now=,330.38,s,latency=,0.019,ms,t_curr_opnum=,13734413,use time,1.00,s
now=,331.38,s,latency=,0.019,ms,t_curr_opnum=,13786664,use time,1.00,s
now=,332.38,s,latency=,0.019,ms,t_curr_opnum=,13838785,use time,1.00,s
now=,333.38,s,latency=,0.019,ms,t_curr_opnum=,13890831,use time,1.00,s
now=,334.38,s,latency=,0.019,ms,t_curr_opnum=,13942822,use time,1.00,s
now=,335.38,s,latency=,0.019,ms,t_curr_opnum=,13994628,use time,1.00,s
now=,336.38,s,latency=,0.019,ms,t_curr_opnum=,14046481,use time,1.00,s
now=,337.38,s,latency=,0.019,ms,t_curr_opnum=,14098283,use time,1.00,s
now=,338.38,s,latency=,0.019,ms,t_curr_opnum=,14149895,use time,1.00,s
now=,339.38,s,latency=,0.019,ms,t_curr_opnum=,14201292,use time,1.00,s
now=,340.38,s,latency=,0.019,ms,t_curr_opnum=,14252794,use time,1.00,s
now=,341.38,s,latency=,0.019,ms,t_curr_opnum=,14304177,use time,1.00,s
now=,342.38,s,latency=,0.019,ms,t_curr_opnum=,14355563,use time,1.00,s
now=,343.38,s,latency=,0.019,ms,t_curr_opnum=,14407078,use time,1.00,s
now=,344.38,s,latency=,0.019,ms,t_curr_opnum=,14458431,use time,1.00,s
now=,345.38,s,latency=,0.019,ms,t_curr_opnum=,14509784,use time,1.00,s
now=,346.38,s,latency=,0.020,ms,t_curr_opnum=,14560963,use time,1.00,s
now=,347.38,s,latency=,0.020,ms,t_curr_opnum=,14612095,use time,1.00,s
now=,348.38,s,latency=,0.020,ms,t_curr_opnum=,14663316,use time,1.00,s
now=,349.38,s,latency=,0.020,ms,t_curr_opnum=,14714288,use time,1.00,s
now=,350.38,s,latency=,0.020,ms,t_curr_opnum=,14765284,use time,1.00,s
now=,351.38,s,latency=,0.020,ms,t_curr_opnum=,14816467,use time,1.00,s
now=,352.38,s,latency=,0.020,ms,t_curr_opnum=,14867515,use time,1.00,s
now=,353.38,s,latency=,0.020,ms,t_curr_opnum=,14918205,use time,1.00,s
now=,354.38,s,latency=,0.020,ms,t_curr_opnum=,14969038,use time,1.00,s
now=,355.38,s,latency=,0.020,ms,t_curr_opnum=,15019752,use time,1.00,s
now=,356.38,s,latency=,0.020,ms,t_curr_opnum=,15070545,use time,1.00,s
now=,357.38,s,latency=,0.020,ms,t_curr_opnum=,15121273,use time,1.00,s
now=,358.38,s,latency=,0.020,ms,t_curr_opnum=,15172002,use time,1.00,s
now=,359.38,s,latency=,0.020,ms,t_curr_opnum=,15222577,use time,1.00,s
now=,360.38,s,latency=,0.020,ms,t_curr_opnum=,15273123,use time,1.00,s
now=,361.38,s,latency=,0.020,ms,t_curr_opnum=,15323525,use time,1.00,s
now=,362.38,s,latency=,0.020,ms,t_curr_opnum=,15373874,use time,1.00,s
now=,363.38,s,latency=,0.020,ms,t_curr_opnum=,15424067,use time,1.00,s
now=,364.38,s,latency=,0.020,ms,t_curr_opnum=,15474348,use time,1.00,s
now=,365.38,s,latency=,0.020,ms,t_curr_opnum=,15524586,use time,1.00,s
now=,366.38,s,latency=,0.020,ms,t_curr_opnum=,15574792,use time,1.00,s
now=,367.38,s,latency=,0.020,ms,t_curr_opnum=,15624816,use time,1.00,s
now=,368.38,s,latency=,0.020,ms,t_curr_opnum=,15674639,use time,1.00,s
now=,369.38,s,latency=,0.020,ms,t_curr_opnum=,15724617,use time,1.00,s
now=,370.38,s,latency=,0.020,ms,t_curr_opnum=,15774611,use time,1.00,s
now=,371.38,s,latency=,0.020,ms,t_curr_opnum=,15824311,use time,1.00,s
now=,372.38,s,latency=,0.020,ms,t_curr_opnum=,15874043,use time,1.00,s
now=,373.38,s,latency=,0.020,ms,t_curr_opnum=,15923694,use time,1.00,s
now=,374.38,s,latency=,0.020,ms,t_curr_opnum=,15973299,use time,1.00,s
now=,375.38,s,latency=,0.020,ms,t_curr_opnum=,16022767,use time,1.00,s
now=,376.38,s,latency=,0.020,ms,t_curr_opnum=,16072118,use time,1.00,s
now=,377.38,s,latency=,0.020,ms,t_curr_opnum=,16121458,use time,1.00,s
now=,378.38,s,latency=,0.020,ms,t_curr_opnum=,16170835,use time,1.00,s
now=,379.38,s,latency=,0.020,ms,t_curr_opnum=,16220208,use time,1.00,s
now=,380.38,s,latency=,0.020,ms,t_curr_opnum=,16269562,use time,1.00,s
now=,381.38,s,latency=,0.020,ms,t_curr_opnum=,16318846,use time,1.00,s
now=,382.38,s,latency=,0.020,ms,t_curr_opnum=,16368044,use time,1.00,s
now=,383.38,s,latency=,0.020,ms,t_curr_opnum=,16417109,use time,1.00,s
now=,384.38,s,latency=,0.020,ms,t_curr_opnum=,16466221,use time,1.00,s
now=,385.38,s,latency=,0.020,ms,t_curr_opnum=,16515361,use time,1.00,s
now=,386.38,s,latency=,0.020,ms,t_curr_opnum=,16564412,use time,1.00,s
now=,387.38,s,latency=,0.020,ms,t_curr_opnum=,16613490,use time,1.00,s
now=,388.38,s,latency=,0.020,ms,t_curr_opnum=,16662326,use time,1.00,s
now=,389.38,s,latency=,0.020,ms,t_curr_opnum=,16711182,use time,1.00,s
now=,390.38,s,latency=,0.020,ms,t_curr_opnum=,16760081,use time,1.00,s
now=,391.38,s,latency=,0.020,ms,t_curr_opnum=,16808997,use time,1.00,s
now=,392.38,s,latency=,0.020,ms,t_curr_opnum=,16857965,use time,1.00,s
now=,393.38,s,latency=,0.021,ms,t_curr_opnum=,16906692,use time,1.00,s
now=,394.38,s,latency=,0.021,ms,t_curr_opnum=,16955433,use time,1.00,s
now=,395.38,s,latency=,0.021,ms,t_curr_opnum=,17004155,use time,1.00,s
now=,396.38,s,latency=,0.020,ms,t_curr_opnum=,17052957,use time,1.00,s
now=,397.38,s,latency=,0.021,ms,t_curr_opnum=,17101597,use time,1.00,s
now=,398.38,s,latency=,0.021,ms,t_curr_opnum=,17150242,use time,1.00,s
now=,399.38,s,latency=,0.021,ms,t_curr_opnum=,17198885,use time,1.00,s
now=,400.38,s,latency=,0.021,ms,t_curr_opnum=,17247540,use time,1.00,s
now=,401.38,s,latency=,0.021,ms,t_curr_opnum=,17295991,use time,1.00,s
now=,402.38,s,latency=,0.021,ms,t_curr_opnum=,17344396,use time,1.00,s
now=,403.38,s,latency=,0.021,ms,t_curr_opnum=,17392816,use time,1.00,s
now=,404.38,s,latency=,0.021,ms,t_curr_opnum=,17441278,use time,1.00,s
now=,405.38,s,latency=,0.021,ms,t_curr_opnum=,17489667,use time,1.00,s
now=,406.38,s,latency=,0.021,ms,t_curr_opnum=,17538039,use time,1.00,s
now=,407.38,s,latency=,0.021,ms,t_curr_opnum=,17586327,use time,1.00,s
now=,408.38,s,latency=,0.021,ms,t_curr_opnum=,17634578,use time,1.00,s
now=,409.38,s,latency=,0.021,ms,t_curr_opnum=,17682728,use time,1.00,s
now=,410.38,s,latency=,0.021,ms,t_curr_opnum=,17731010,use time,1.00,s
now=,411.38,s,latency=,0.021,ms,t_curr_opnum=,17779293,use time,1.00,s
now=,412.38,s,latency=,0.021,ms,t_curr_opnum=,17827582,use time,1.00,s
now=,500.22,s,latency=,1.099,ms,t_curr_opnum=,17907493,use time,87.84,s
now=,501.22,s,latency=,0.010,ms,t_curr_opnum=,18008954,use time,1.00,s
now=,502.22,s,latency=,0.011,ms,t_curr_opnum=,18097245,use time,1.00,s
now=,503.22,s,latency=,0.012,ms,t_curr_opnum=,18178340,use time,1.00,s
now=,504.22,s,latency=,0.013,ms,t_curr_opnum=,18254798,use time,1.00,s
now=,505.22,s,latency=,0.014,ms,t_curr_opnum=,18328662,use time,1.00,s
now=,506.22,s,latency=,0.014,ms,t_curr_opnum=,18400600,use time,1.00,s
now=,507.22,s,latency=,0.014,ms,t_curr_opnum=,18470905,use time,1.00,s
now=,508.22,s,latency=,0.015,ms,t_curr_opnum=,18539588,use time,1.00,s
now=,509.22,s,latency=,0.015,ms,t_curr_opnum=,18606943,use time,1.00,s
now=,510.22,s,latency=,0.015,ms,t_curr_opnum=,18673329,use time,1.00,s
now=,511.22,s,latency=,0.015,ms,t_curr_opnum=,18739167,use time,1.00,s
now=,512.22,s,latency=,0.015,ms,t_curr_opnum=,18803818,use time,1.00,s
now=,513.22,s,latency=,0.016,ms,t_curr_opnum=,18867707,use time,1.00,s
now=,514.22,s,latency=,0.016,ms,t_curr_opnum=,18930984,use time,1.00,s
now=,515.22,s,latency=,0.016,ms,t_curr_opnum=,18993356,use time,1.00,s
now=,516.22,s,latency=,0.016,ms,t_curr_opnum=,19055051,use time,1.00,s
now=,517.22,s,latency=,0.016,ms,t_curr_opnum=,19116159,use time,1.00,s
now=,518.22,s,latency=,0.017,ms,t_curr_opnum=,19176572,use time,1.00,s
now=,519.22,s,latency=,0.017,ms,t_curr_opnum=,19236573,use time,1.00,s
now=,520.22,s,latency=,0.017,ms,t_curr_opnum=,19296046,use time,1.00,s
now=,521.22,s,latency=,0.017,ms,t_curr_opnum=,19354936,use time,1.00,s
now=,522.22,s,latency=,0.017,ms,t_curr_opnum=,19413617,use time,1.00,s
now=,523.22,s,latency=,0.017,ms,t_curr_opnum=,19471822,use time,1.00,s
now=,524.22,s,latency=,0.017,ms,t_curr_opnum=,19529733,use time,1.00,s
now=,525.22,s,latency=,0.017,ms,t_curr_opnum=,19587257,use time,1.00,s
now=,526.22,s,latency=,0.017,ms,t_curr_opnum=,19644650,use time,1.00,s
now=,527.22,s,latency=,0.018,ms,t_curr_opnum=,19701720,use time,1.00,s
now=,528.22,s,latency=,0.018,ms,t_curr_opnum=,19758555,use time,1.00,s
now=,529.22,s,latency=,0.018,ms,t_curr_opnum=,19814886,use time,1.00,s
now=,530.22,s,latency=,0.018,ms,t_curr_opnum=,19871091,use time,1.00,s
now=,531.22,s,latency=,0.018,ms,t_curr_opnum=,19926933,use time,1.00,s
now=,532.22,s,latency=,0.018,ms,t_curr_opnum=,19983236,use time,1.00,s
now=,533.22,s,latency=,0.018,ms,t_curr_opnum=,20039049,use time,1.00,s
now=,534.22,s,latency=,0.018,ms,t_curr_opnum=,20094601,use time,1.00,s
now=,535.22,s,latency=,0.018,ms,t_curr_opnum=,20149848,use time,1.00,s
now=,536.22,s,latency=,0.018,ms,t_curr_opnum=,20205155,use time,1.00,s
now=,537.22,s,latency=,0.018,ms,t_curr_opnum=,20260346,use time,1.00,s
now=,538.22,s,latency=,0.018,ms,t_curr_opnum=,20315099,use time,1.00,s
now=,539.22,s,latency=,0.018,ms,t_curr_opnum=,20369869,use time,1.00,s
now=,540.22,s,latency=,0.018,ms,t_curr_opnum=,20424333,use time,1.00,s
now=,541.22,s,latency=,0.018,ms,t_curr_opnum=,20478567,use time,1.00,s
now=,542.22,s,latency=,0.018,ms,t_curr_opnum=,20532736,use time,1.00,s
now=,543.22,s,latency=,0.019,ms,t_curr_opnum=,20586678,use time,1.00,s
now=,544.22,s,latency=,0.019,ms,t_curr_opnum=,20640452,use time,1.00,s
now=,545.22,s,latency=,0.019,ms,t_curr_opnum=,20694353,use time,1.00,s
now=,546.22,s,latency=,0.019,ms,t_curr_opnum=,20747913,use time,1.00,s
now=,547.22,s,latency=,0.019,ms,t_curr_opnum=,20801331,use time,1.00,s
now=,548.22,s,latency=,0.019,ms,t_curr_opnum=,20854488,use time,1.00,s
now=,549.22,s,latency=,0.019,ms,t_curr_opnum=,20907518,use time,1.00,s
now=,550.22,s,latency=,0.019,ms,t_curr_opnum=,20960396,use time,1.00,s
now=,551.22,s,latency=,0.019,ms,t_curr_opnum=,21013060,use time,1.00,s
now=,552.22,s,latency=,0.019,ms,t_curr_opnum=,21065687,use time,1.00,s
now=,553.22,s,latency=,0.019,ms,t_curr_opnum=,21118194,use time,1.00,s
now=,554.22,s,latency=,0.019,ms,t_curr_opnum=,21170535,use time,1.00,s
now=,555.22,s,latency=,0.019,ms,t_curr_opnum=,21222894,use time,1.00,s
now=,556.22,s,latency=,0.019,ms,t_curr_opnum=,21275020,use time,1.00,s
now=,557.22,s,latency=,0.019,ms,t_curr_opnum=,21327029,use time,1.00,s
now=,558.22,s,latency=,0.019,ms,t_curr_opnum=,21379047,use time,1.00,s
now=,559.22,s,latency=,0.019,ms,t_curr_opnum=,21430865,use time,1.00,s
now=,560.22,s,latency=,0.019,ms,t_curr_opnum=,21482745,use time,1.00,s
now=,561.22,s,latency=,0.019,ms,t_curr_opnum=,21534261,use time,1.00,s
now=,562.22,s,latency=,0.019,ms,t_curr_opnum=,21585754,use time,1.00,s
now=,563.22,s,latency=,0.019,ms,t_curr_opnum=,21637064,use time,1.00,s
now=,564.22,s,latency=,0.019,ms,t_curr_opnum=,21688395,use time,1.00,s
now=,565.22,s,latency=,0.020,ms,t_curr_opnum=,21739552,use time,1.00,s
now=,566.22,s,latency=,0.020,ms,t_curr_opnum=,21790751,use time,1.00,s
now=,567.22,s,latency=,0.020,ms,t_curr_opnum=,21841759,use time,1.00,s
now=,568.22,s,latency=,0.020,ms,t_curr_opnum=,21892643,use time,1.00,s
now=,569.22,s,latency=,0.020,ms,t_curr_opnum=,21943398,use time,1.00,s
now=,570.22,s,latency=,0.020,ms,t_curr_opnum=,21994155,use time,1.00,s
now=,571.22,s,latency=,0.020,ms,t_curr_opnum=,22044725,use time,1.00,s
now=,572.22,s,latency=,0.020,ms,t_curr_opnum=,22095246,use time,1.00,s
now=,573.22,s,latency=,0.020,ms,t_curr_opnum=,22145707,use time,1.00,s
now=,574.22,s,latency=,0.020,ms,t_curr_opnum=,22196029,use time,1.00,s
now=,575.22,s,latency=,0.020,ms,t_curr_opnum=,22246257,use time,1.00,s
now=,576.22,s,latency=,0.020,ms,t_curr_opnum=,22296613,use time,1.00,s
now=,577.22,s,latency=,0.020,ms,t_curr_opnum=,22346781,use time,1.00,s
now=,578.22,s,latency=,0.020,ms,t_curr_opnum=,22396841,use time,1.00,s
now=,579.22,s,latency=,0.020,ms,t_curr_opnum=,22446791,use time,1.00,s
now=,580.22,s,latency=,0.020,ms,t_curr_opnum=,22496657,use time,1.00,s
now=,581.22,s,latency=,0.020,ms,t_curr_opnum=,22546549,use time,1.00,s
now=,582.22,s,latency=,0.020,ms,t_curr_opnum=,22596330,use time,1.00,s
now=,583.22,s,latency=,0.020,ms,t_curr_opnum=,22646004,use time,1.00,s
now=,584.22,s,latency=,0.020,ms,t_curr_opnum=,22695698,use time,1.00,s
now=,585.22,s,latency=,0.020,ms,t_curr_opnum=,22745211,use time,1.00,s
now=,586.22,s,latency=,0.020,ms,t_curr_opnum=,22794784,use time,1.00,s
now=,587.22,s,latency=,0.020,ms,t_curr_opnum=,22844107,use time,1.00,s
now=,588.22,s,latency=,0.020,ms,t_curr_opnum=,22893523,use time,1.00,s
now=,589.22,s,latency=,0.020,ms,t_curr_opnum=,22942871,use time,1.00,s
now=,590.22,s,latency=,0.020,ms,t_curr_opnum=,22992266,use time,1.00,s
now=,591.22,s,latency=,0.020,ms,t_curr_opnum=,23041740,use time,1.00,s
now=,592.22,s,latency=,0.020,ms,t_curr_opnum=,23091158,use time,1.00,s
now=,593.22,s,latency=,0.020,ms,t_curr_opnum=,23140097,use time,1.00,s
now=,594.22,s,latency=,0.020,ms,t_curr_opnum=,23189035,use time,1.00,s
now=,595.22,s,latency=,0.020,ms,t_curr_opnum=,23237879,use time,1.00,s
now=,596.22,s,latency=,0.020,ms,t_curr_opnum=,23286897,use time,1.00,s
now=,597.22,s,latency=,0.021,ms,t_curr_opnum=,23335676,use time,1.00,s
now=,598.22,s,latency=,0.021,ms,t_curr_opnum=,23384425,use time,1.00,s
now=,599.22,s,latency=,0.021,ms,t_curr_opnum=,23433071,use time,1.00,s
now=,600.22,s,latency=,0.021,ms,t_curr_opnum=,23481712,use time,1.00,s
now=,601.22,s,latency=,0.021,ms,t_curr_opnum=,23530209,use time,1.00,s
now=,602.22,s,latency=,0.021,ms,t_curr_opnum=,23578709,use time,1.00,s
now=,603.22,s,latency=,0.021,ms,t_curr_opnum=,23627103,use time,1.00,s
now=,604.22,s,latency=,0.021,ms,t_curr_opnum=,23675539,use time,1.00,s
now=,605.22,s,latency=,0.021,ms,t_curr_opnum=,23723995,use time,1.00,s
now=,606.22,s,latency=,0.021,ms,t_curr_opnum=,23772361,use time,1.00,s
now=,607.22,s,latency=,0.021,ms,t_curr_opnum=,23820715,use time,1.00,s
now=,608.22,s,latency=,0.021,ms,t_curr_opnum=,23868924,use time,1.00,s
now=,609.22,s,latency=,0.021,ms,t_curr_opnum=,23917221,use time,1.00,s
now=,610.22,s,latency=,0.021,ms,t_curr_opnum=,23965462,use time,1.00,s
now=,611.22,s,latency=,0.021,ms,t_curr_opnum=,24013765,use time,1.00,s
now=,612.22,s,latency=,0.021,ms,t_curr_opnum=,24061784,use time,1.00,s
now=,613.22,s,latency=,0.021,ms,t_curr_opnum=,24109573,use time,1.00,s
now=,614.22,s,latency=,0.021,ms,t_curr_opnum=,24157565,use time,1.00,s
now=,615.22,s,latency=,0.021,ms,t_curr_opnum=,24205550,use time,1.00,s
now=,616.22,s,latency=,0.021,ms,t_curr_opnum=,24253330,use time,1.00,s
now=,617.22,s,latency=,0.021,ms,t_curr_opnum=,24300964,use time,1.00,s
now=,618.22,s,latency=,0.021,ms,t_curr_opnum=,24348626,use time,1.00,s
now=,619.22,s,latency=,0.021,ms,t_curr_opnum=,24396289,use time,1.00,s
now=,620.22,s,latency=,0.021,ms,t_curr_opnum=,24444014,use time,1.00,s
now=,621.22,s,latency=,0.021,ms,t_curr_opnum=,24491637,use time,1.00,s
now=,622.22,s,latency=,0.021,ms,t_curr_opnum=,24539140,use time,1.00,s
now=,623.22,s,latency=,0.021,ms,t_curr_opnum=,24586512,use time,1.00,s
now=,624.22,s,latency=,0.021,ms,t_curr_opnum=,24633917,use time,1.00,s
now=,625.22,s,latency=,0.021,ms,t_curr_opnum=,24681341,use time,1.00,s
now=,626.22,s,latency=,0.021,ms,t_curr_opnum=,24728712,use time,1.00,s
now=,627.22,s,latency=,0.021,ms,t_curr_opnum=,24776115,use time,1.00,s
now=,628.22,s,latency=,0.021,ms,t_curr_opnum=,24823382,use time,1.00,s
now=,629.22,s,latency=,0.021,ms,t_curr_opnum=,24870718,use time,1.00,s
now=,630.22,s,latency=,0.021,ms,t_curr_opnum=,24917993,use time,1.00,s
now=,631.22,s,latency=,0.021,ms,t_curr_opnum=,24965145,use time,1.00,s
now=,632.22,s,latency=,0.021,ms,t_curr_opnum=,25012234,use time,1.00,s
now=,633.22,s,latency=,0.021,ms,t_curr_opnum=,25059330,use time,1.00,s
now=,634.22,s,latency=,0.021,ms,t_curr_opnum=,25106433,use time,1.00,s
now=,635.22,s,latency=,0.021,ms,t_curr_opnum=,25153479,use time,1.00,s
now=,636.22,s,latency=,0.021,ms,t_curr_opnum=,25200484,use time,1.00,s
now=,637.22,s,latency=,0.021,ms,t_curr_opnum=,25247491,use time,1.00,s
now=,638.22,s,latency=,0.021,ms,t_curr_opnum=,25294464,use time,1.00,s
now=,639.22,s,latency=,0.021,ms,t_curr_opnum=,25341376,use time,1.00,s
now=,640.22,s,latency=,0.021,ms,t_curr_opnum=,25388239,use time,1.00,s
now=,641.22,s,latency=,0.021,ms,t_curr_opnum=,25435013,use time,1.00,s
now=,642.22,s,latency=,0.021,ms,t_curr_opnum=,25481798,use time,1.00,s
now=,643.22,s,latency=,0.021,ms,t_curr_opnum=,25528753,use time,1.00,s
now=,644.22,s,latency=,0.021,ms,t_curr_opnum=,25575633,use time,1.00,s
now=,645.22,s,latency=,0.021,ms,t_curr_opnum=,25622307,use time,1.00,s
now=,646.22,s,latency=,0.022,ms,t_curr_opnum=,25668775,use time,1.00,s
now=,647.22,s,latency=,0.022,ms,t_curr_opnum=,25715197,use time,1.00,s
now=,648.22,s,latency=,0.022,ms,t_curr_opnum=,25761263,use time,1.00,s
now=,649.22,s,latency=,0.022,ms,t_curr_opnum=,25807611,use time,1.00,s
now=,650.22,s,latency=,0.022,ms,t_curr_opnum=,25853832,use time,1.00,s
now=,651.22,s,latency=,0.022,ms,t_curr_opnum=,25900170,use time,1.00,s
now=,652.22,s,latency=,0.022,ms,t_curr_opnum=,25946248,use time,1.00,s
now=,653.22,s,latency=,0.022,ms,t_curr_opnum=,25992381,use time,1.00,s
now=,654.22,s,latency=,0.022,ms,t_curr_opnum=,26038384,use time,1.00,s
now=,655.22,s,latency=,0.022,ms,t_curr_opnum=,26084439,use time,1.00,s
now=,656.22,s,latency=,0.022,ms,t_curr_opnum=,26130356,use time,1.00,s
now=,657.22,s,latency=,0.022,ms,t_curr_opnum=,26176241,use time,1.00,s
now=,658.22,s,latency=,0.022,ms,t_curr_opnum=,26222181,use time,1.00,s
now=,659.22,s,latency=,0.022,ms,t_curr_opnum=,26268142,use time,1.00,s
now=,660.22,s,latency=,0.022,ms,t_curr_opnum=,26314120,use time,1.00,s
now=,661.22,s,latency=,0.022,ms,t_curr_opnum=,26359993,use time,1.00,s
now=,662.22,s,latency=,0.022,ms,t_curr_opnum=,26405886,use time,1.00,s
now=,663.22,s,latency=,0.022,ms,t_curr_opnum=,26451755,use time,1.00,s
now=,664.22,s,latency=,0.022,ms,t_curr_opnum=,26497569,use time,1.00,s
now=,665.22,s,latency=,0.022,ms,t_curr_opnum=,26543431,use time,1.00,s
now=,666.22,s,latency=,0.022,ms,t_curr_opnum=,26589276,use time,1.00,s
now=,667.22,s,latency=,0.022,ms,t_curr_opnum=,26635147,use time,1.00,s
now=,668.22,s,latency=,0.022,ms,t_curr_opnum=,26681164,use time,1.00,s
now=,669.22,s,latency=,0.022,ms,t_curr_opnum=,26726860,use time,1.00,s
now=,670.22,s,latency=,0.016,ms,t_curr_opnum=,26788863,use time,1.00,s
now=,779.32,s,latency=,2.645,ms,t_curr_opnum=,26830106,use time,109.10,s
now=,780.32,s,latency=,0.010,ms,t_curr_opnum=,26929706,use time,1.00,s
now=,781.32,s,latency=,0.012,ms,t_curr_opnum=,27016249,use time,1.00,s
now=,782.32,s,latency=,0.013,ms,t_curr_opnum=,27095803,use time,1.00,s
now=,783.32,s,latency=,0.013,ms,t_curr_opnum=,27171762,use time,1.00,s
now=,784.32,s,latency=,0.014,ms,t_curr_opnum=,27244856,use time,1.00,s
now=,785.32,s,latency=,0.014,ms,t_curr_opnum=,27315952,use time,1.00,s
now=,786.32,s,latency=,0.014,ms,t_curr_opnum=,27385623,use time,1.00,s
now=,787.32,s,latency=,0.015,ms,t_curr_opnum=,27453947,use time,1.00,s
now=,788.32,s,latency=,0.015,ms,t_curr_opnum=,27521028,use time,1.00,s
now=,789.32,s,latency=,0.015,ms,t_curr_opnum=,27586958,use time,1.00,s
now=,790.32,s,latency=,0.015,ms,t_curr_opnum=,27651925,use time,1.00,s
now=,791.32,s,latency=,0.016,ms,t_curr_opnum=,27716306,use time,1.00,s
now=,792.32,s,latency=,0.016,ms,t_curr_opnum=,27779988,use time,1.00,s
now=,793.32,s,latency=,0.016,ms,t_curr_opnum=,27842837,use time,1.00,s
now=,794.32,s,latency=,0.016,ms,t_curr_opnum=,27904735,use time,1.00,s
now=,795.32,s,latency=,0.016,ms,t_curr_opnum=,27966197,use time,1.00,s
now=,796.32,s,latency=,0.016,ms,t_curr_opnum=,28026918,use time,1.00,s
now=,797.32,s,latency=,0.017,ms,t_curr_opnum=,28087257,use time,1.00,s
now=,798.32,s,latency=,0.017,ms,t_curr_opnum=,28147795,use time,1.00,s
now=,799.32,s,latency=,0.017,ms,t_curr_opnum=,28207258,use time,1.00,s
now=,800.32,s,latency=,0.017,ms,t_curr_opnum=,28266191,use time,1.00,s
now=,801.32,s,latency=,0.017,ms,t_curr_opnum=,28324982,use time,1.00,s
now=,802.32,s,latency=,0.017,ms,t_curr_opnum=,28383061,use time,1.00,s
now=,803.32,s,latency=,0.017,ms,t_curr_opnum=,28440974,use time,1.00,s
now=,804.32,s,latency=,0.017,ms,t_curr_opnum=,28498449,use time,1.00,s
now=,805.32,s,latency=,0.017,ms,t_curr_opnum=,28555596,use time,1.00,s
now=,806.32,s,latency=,0.018,ms,t_curr_opnum=,28612274,use time,1.00,s
now=,807.32,s,latency=,0.018,ms,t_curr_opnum=,28668754,use time,1.00,s
now=,808.32,s,latency=,0.018,ms,t_curr_opnum=,28725135,use time,1.00,s
now=,809.32,s,latency=,0.018,ms,t_curr_opnum=,28781242,use time,1.00,s
now=,810.32,s,latency=,0.018,ms,t_curr_opnum=,28836735,use time,1.00,s
now=,811.32,s,latency=,0.018,ms,t_curr_opnum=,28891843,use time,1.00,s
now=,812.32,s,latency=,0.018,ms,t_curr_opnum=,28946800,use time,1.00,s
now=,813.32,s,latency=,0.018,ms,t_curr_opnum=,29001660,use time,1.00,s
now=,814.85,s,latency=,10.400,ms,t_curr_opnum=,29001807,use time,1.53,s
now=,815.85,s,latency=,0.019,ms,t_curr_opnum=,29053752,use time,1.00,s
now=,816.85,s,latency=,0.023,ms,t_curr_opnum=,29097832,use time,1.00,s
now=,817.85,s,latency=,0.022,ms,t_curr_opnum=,29142277,use time,1.00,s
now=,818.85,s,latency=,0.023,ms,t_curr_opnum=,29186158,use time,1.00,s
now=,819.85,s,latency=,0.023,ms,t_curr_opnum=,29229567,use time,1.00,s
now=,820.85,s,latency=,0.023,ms,t_curr_opnum=,29273198,use time,1.00,s
now=,821.85,s,latency=,0.023,ms,t_curr_opnum=,29316793,use time,1.00,s
now=,822.85,s,latency=,0.023,ms,t_curr_opnum=,29359935,use time,1.00,s
now=,823.85,s,latency=,0.024,ms,t_curr_opnum=,29402516,use time,1.00,s
now=,824.85,s,latency=,0.024,ms,t_curr_opnum=,29445014,use time,1.00,s
now=,825.85,s,latency=,0.023,ms,t_curr_opnum=,29487800,use time,1.00,s
now=,826.85,s,latency=,0.023,ms,t_curr_opnum=,29531284,use time,1.00,s
now=,827.86,s,latency=,0.023,ms,t_curr_opnum=,29575974,use time,1.01,s
now=,828.86,s,latency=,0.023,ms,t_curr_opnum=,29619641,use time,1.00,s
now=,829.86,s,latency=,0.023,ms,t_curr_opnum=,29662664,use time,1.00,s
now=,830.86,s,latency=,0.023,ms,t_curr_opnum=,29705877,use time,1.00,s
now=,831.86,s,latency=,0.023,ms,t_curr_opnum=,29748976,use time,1.00,s
now=,832.86,s,latency=,0.023,ms,t_curr_opnum=,29792174,use time,1.00,s
now=,833.86,s,latency=,0.023,ms,t_curr_opnum=,29835081,use time,1.00,s
now=,834.86,s,latency=,0.024,ms,t_curr_opnum=,29877603,use time,1.00,s
now=,835.86,s,latency=,0.023,ms,t_curr_opnum=,29920841,use time,1.00,s
now=,836.86,s,latency=,0.024,ms,t_curr_opnum=,29963288,use time,1.00,s
now=,837.86,s,latency=,0.025,ms,t_curr_opnum=,30003140,use time,1.00,s
now=,838.86,s,latency=,0.025,ms,t_curr_opnum=,30043864,use time,1.00,s
now=,839.86,s,latency=,0.025,ms,t_curr_opnum=,30083862,use time,1.00,s
now=,840.86,s,latency=,0.025,ms,t_curr_opnum=,30123227,use time,1.00,s
now=,841.86,s,latency=,0.024,ms,t_curr_opnum=,30165164,use time,1.00,s
now=,842.86,s,latency=,0.024,ms,t_curr_opnum=,30207267,use time,1.00,s
now=,843.86,s,latency=,0.024,ms,t_curr_opnum=,30248877,use time,1.00,s
now=,844.87,s,latency=,0.024,ms,t_curr_opnum=,30290809,use time,1.01,s
now=,845.87,s,latency=,0.024,ms,t_curr_opnum=,30333043,use time,1.00,s
now=,846.88,s,latency=,0.024,ms,t_curr_opnum=,30375673,use time,1.01,s
now=,847.88,s,latency=,0.024,ms,t_curr_opnum=,30417383,use time,1.00,s
now=,848.88,s,latency=,0.024,ms,t_curr_opnum=,30459258,use time,1.00,s
now=,849.89,s,latency=,0.024,ms,t_curr_opnum=,30500344,use time,1.00,s
now=,850.89,s,latency=,0.024,ms,t_curr_opnum=,30541822,use time,1.01,s
now=,851.89,s,latency=,0.024,ms,t_curr_opnum=,30583500,use time,1.00,s
now=,852.89,s,latency=,0.024,ms,t_curr_opnum=,30624787,use time,1.00,s
now=,853.89,s,latency=,0.024,ms,t_curr_opnum=,30665811,use time,1.00,s
now=,854.89,s,latency=,0.023,ms,t_curr_opnum=,30708806,use time,1.00,s
now=,855.89,s,latency=,0.024,ms,t_curr_opnum=,30751158,use time,1.00,s
now=,856.89,s,latency=,0.024,ms,t_curr_opnum=,30792628,use time,1.00,s
now=,857.90,s,latency=,0.024,ms,t_curr_opnum=,30834435,use time,1.00,s
now=,858.90,s,latency=,0.025,ms,t_curr_opnum=,30875219,use time,1.00,s
now=,859.90,s,latency=,0.025,ms,t_curr_opnum=,30915783,use time,1.01,s
now=,860.90,s,latency=,0.024,ms,t_curr_opnum=,30956643,use time,1.00,s
now=,861.90,s,latency=,0.025,ms,t_curr_opnum=,30996942,use time,1.00,s
now=,862.90,s,latency=,0.025,ms,t_curr_opnum=,31037344,use time,1.00,s
now=,863.90,s,latency=,0.025,ms,t_curr_opnum=,31078095,use time,1.00,s
now=,864.90,s,latency=,0.025,ms,t_curr_opnum=,31118382,use time,1.00,s
now=,865.90,s,latency=,0.025,ms,t_curr_opnum=,31158382,use time,1.00,s
now=,866.90,s,latency=,0.025,ms,t_curr_opnum=,31198311,use time,1.00,s
now=,867.90,s,latency=,0.025,ms,t_curr_opnum=,31238365,use time,1.00,s
now=,868.91,s,latency=,0.024,ms,t_curr_opnum=,31279565,use time,1.01,s
now=,869.91,s,latency=,0.025,ms,t_curr_opnum=,31320356,use time,1.00,s
now=,870.91,s,latency=,0.025,ms,t_curr_opnum=,31360504,use time,1.00,s
now=,871.91,s,latency=,0.025,ms,t_curr_opnum=,31401216,use time,1.00,s
now=,872.91,s,latency=,0.024,ms,t_curr_opnum=,31442035,use time,1.00,s
now=,873.91,s,latency=,0.025,ms,t_curr_opnum=,31482733,use time,1.00,s
now=,874.91,s,latency=,0.025,ms,t_curr_opnum=,31522761,use time,1.00,s
now=,875.91,s,latency=,0.025,ms,t_curr_opnum=,31562080,use time,1.00,s
now=,876.91,s,latency=,0.026,ms,t_curr_opnum=,31600127,use time,1.00,s
now=,877.91,s,latency=,0.026,ms,t_curr_opnum=,31638342,use time,1.00,s
now=,878.91,s,latency=,0.022,ms,t_curr_opnum=,31683781,use time,1.00,s
now=,879.91,s,latency=,0.025,ms,t_curr_opnum=,31724349,use time,1.00,s
now=,880.91,s,latency=,0.025,ms,t_curr_opnum=,31764507,use time,1.01,s
now=,881.91,s,latency=,0.025,ms,t_curr_opnum=,31804840,use time,1.00,s
now=,882.92,s,latency=,0.025,ms,t_curr_opnum=,31844772,use time,1.00,s
now=,883.92,s,latency=,0.025,ms,t_curr_opnum=,31885587,use time,1.00,s
now=,884.92,s,latency=,0.024,ms,t_curr_opnum=,31926558,use time,1.00,s
now=,885.92,s,latency=,0.025,ms,t_curr_opnum=,31966275,use time,1.00,s
now=,886.92,s,latency=,0.025,ms,t_curr_opnum=,32005820,use time,1.00,s
now=,887.92,s,latency=,0.025,ms,t_curr_opnum=,32045541,use time,1.00,s
now=,888.92,s,latency=,0.026,ms,t_curr_opnum=,32084750,use time,1.00,s
now=,889.92,s,latency=,0.025,ms,t_curr_opnum=,32124091,use time,1.00,s
now=,890.93,s,latency=,0.025,ms,t_curr_opnum=,32163587,use time,1.01,s
now=,891.93,s,latency=,0.025,ms,t_curr_opnum=,32203446,use time,1.00,s
now=,892.93,s,latency=,0.024,ms,t_curr_opnum=,32244682,use time,1.01,s
now=,893.93,s,latency=,0.025,ms,t_curr_opnum=,32284575,use time,1.00,s
now=,894.93,s,latency=,0.025,ms,t_curr_opnum=,32324150,use time,1.00,s
now=,895.93,s,latency=,0.025,ms,t_curr_opnum=,32363927,use time,1.00,s
now=,896.93,s,latency=,0.025,ms,t_curr_opnum=,32403720,use time,1.00,s
now=,897.93,s,latency=,0.025,ms,t_curr_opnum=,32443231,use time,1.00,s
now=,898.93,s,latency=,0.025,ms,t_curr_opnum=,32482897,use time,1.00,s
now=,899.93,s,latency=,0.026,ms,t_curr_opnum=,32521001,use time,1.00,s
now=,900.93,s,latency=,0.027,ms,t_curr_opnum=,32558612,use time,1.00,s
now=,901.93,s,latency=,0.026,ms,t_curr_opnum=,32596894,use time,1.00,s
now=,902.93,s,latency=,0.025,ms,t_curr_opnum=,32636364,use time,1.00,s
now=,903.93,s,latency=,0.023,ms,t_curr_opnum=,32680383,use time,1.00,s
now=,904.93,s,latency=,0.025,ms,t_curr_opnum=,32719633,use time,1.00,s
now=,905.93,s,latency=,0.025,ms,t_curr_opnum=,32759056,use time,1.00,s
now=,906.93,s,latency=,0.025,ms,t_curr_opnum=,32798568,use time,1.00,s
now=,907.93,s,latency=,0.026,ms,t_curr_opnum=,32837547,use time,1.00,s
now=,908.93,s,latency=,0.026,ms,t_curr_opnum=,32875769,use time,1.00,s
now=,909.93,s,latency=,0.026,ms,t_curr_opnum=,32914423,use time,1.00,s
now=,910.93,s,latency=,0.026,ms,t_curr_opnum=,32952288,use time,1.00,s
now=,911.93,s,latency=,0.025,ms,t_curr_opnum=,32992060,use time,1.00,s
now=,912.93,s,latency=,0.026,ms,t_curr_opnum=,33030121,use time,1.00,s
now=,913.93,s,latency=,0.026,ms,t_curr_opnum=,33068531,use time,1.00,s
now=,914.93,s,latency=,0.025,ms,t_curr_opnum=,33108167,use time,1.00,s
now=,915.93,s,latency=,0.026,ms,t_curr_opnum=,33147062,use time,1.00,s
now=,916.93,s,latency=,0.026,ms,t_curr_opnum=,33185519,use time,1.00,s
now=,917.93,s,latency=,0.026,ms,t_curr_opnum=,33223958,use time,1.00,s
now=,918.93,s,latency=,0.026,ms,t_curr_opnum=,33262227,use time,1.00,s
now=,919.94,s,latency=,0.027,ms,t_curr_opnum=,33300073,use time,1.01,s
now=,920.94,s,latency=,0.026,ms,t_curr_opnum=,33338807,use time,1.00,s
now=,921.94,s,latency=,0.026,ms,t_curr_opnum=,33376983,use time,1.00,s
now=,922.94,s,latency=,0.026,ms,t_curr_opnum=,33415534,use time,1.00,s
now=,923.94,s,latency=,0.026,ms,t_curr_opnum=,33454244,use time,1.00,s
now=,924.94,s,latency=,0.026,ms,t_curr_opnum=,33492089,use time,1.00,s
now=,925.94,s,latency=,0.027,ms,t_curr_opnum=,33529299,use time,1.00,s
now=,926.94,s,latency=,0.027,ms,t_curr_opnum=,33566607,use time,1.00,s
now=,927.94,s,latency=,0.027,ms,t_curr_opnum=,33603644,use time,1.00,s
now=,928.94,s,latency=,0.027,ms,t_curr_opnum=,33640111,use time,1.00,s
now=,929.94,s,latency=,0.026,ms,t_curr_opnum=,33679175,use time,1.00,s
now=,930.94,s,latency=,0.025,ms,t_curr_opnum=,33718562,use time,1.00,s
now=,931.94,s,latency=,0.026,ms,t_curr_opnum=,33757353,use time,1.00,s
now=,932.94,s,latency=,0.026,ms,t_curr_opnum=,33795464,use time,1.00,s
now=,933.94,s,latency=,0.026,ms,t_curr_opnum=,33833638,use time,1.00,s
now=,934.94,s,latency=,0.026,ms,t_curr_opnum=,33871715,use time,1.00,s
now=,935.94,s,latency=,0.026,ms,t_curr_opnum=,33909847,use time,1.00,s
now=,936.94,s,latency=,0.026,ms,t_curr_opnum=,33948239,use time,1.00,s
now=,937.94,s,latency=,0.026,ms,t_curr_opnum=,33986621,use time,1.00,s
now=,938.94,s,latency=,0.026,ms,t_curr_opnum=,34025242,use time,1.00,s
now=,939.94,s,latency=,0.026,ms,t_curr_opnum=,34063767,use time,1.00,s
now=,940.94,s,latency=,0.026,ms,t_curr_opnum=,34102271,use time,1.00,s
now=,941.94,s,latency=,0.026,ms,t_curr_opnum=,34140176,use time,1.00,s
now=,942.94,s,latency=,0.025,ms,t_curr_opnum=,34179471,use time,1.00,s
now=,943.95,s,latency=,0.026,ms,t_curr_opnum=,34217729,use time,1.01,s
now=,944.95,s,latency=,0.025,ms,t_curr_opnum=,34257755,use time,1.00,s
now=,945.95,s,latency=,0.026,ms,t_curr_opnum=,34295687,use time,1.00,s
now=,946.96,s,latency=,0.026,ms,t_curr_opnum=,34333964,use time,1.01,s
now=,947.96,s,latency=,0.026,ms,t_curr_opnum=,34372064,use time,1.00,s
now=,948.96,s,latency=,0.026,ms,t_curr_opnum=,34410032,use time,1.00,s
now=,949.96,s,latency=,0.026,ms,t_curr_opnum=,34448468,use time,1.00,s
now=,950.96,s,latency=,0.026,ms,t_curr_opnum=,34486632,use time,1.00,s
now=,951.96,s,latency=,0.026,ms,t_curr_opnum=,34525469,use time,1.00,s
now=,952.96,s,latency=,0.027,ms,t_curr_opnum=,34563305,use time,1.01,s
now=,953.96,s,latency=,0.026,ms,t_curr_opnum=,34601118,use time,1.00,s
now=,954.96,s,latency=,0.027,ms,t_curr_opnum=,34638791,use time,1.00,s
now=,955.96,s,latency=,0.026,ms,t_curr_opnum=,34676754,use time,1.00,s
now=,956.96,s,latency=,0.026,ms,t_curr_opnum=,34714910,use time,1.00,s
now=,957.97,s,latency=,0.026,ms,t_curr_opnum=,34752989,use time,1.01,s
now=,958.97,s,latency=,0.026,ms,t_curr_opnum=,34791070,use time,1.00,s
now=,959.97,s,latency=,0.026,ms,t_curr_opnum=,34829105,use time,1.00,s
now=,960.97,s,latency=,0.026,ms,t_curr_opnum=,34867097,use time,1.00,s
now=,961.97,s,latency=,0.026,ms,t_curr_opnum=,34906149,use time,1.00,s
now=,962.97,s,latency=,0.026,ms,t_curr_opnum=,34944189,use time,1.00,s
now=,963.97,s,latency=,0.026,ms,t_curr_opnum=,34982315,use time,1.00,s
now=,964.97,s,latency=,0.028,ms,t_curr_opnum=,35018213,use time,1.00,s
now=,965.97,s,latency=,0.028,ms,t_curr_opnum=,35054263,use time,1.00,s
now=,966.97,s,latency=,0.028,ms,t_curr_opnum=,35090156,use time,1.00,s
now=,967.97,s,latency=,0.028,ms,t_curr_opnum=,35125627,use time,1.00,s
now=,968.97,s,latency=,0.027,ms,t_curr_opnum=,35162918,use time,1.00,s
now=,969.97,s,latency=,0.026,ms,t_curr_opnum=,35201662,use time,1.00,s
now=,970.98,s,latency=,0.026,ms,t_curr_opnum=,35240805,use time,1.01,s
now=,971.98,s,latency=,0.026,ms,t_curr_opnum=,35278610,use time,1.00,s
now=,972.98,s,latency=,0.026,ms,t_curr_opnum=,35316548,use time,1.00,s
now=,973.98,s,latency=,0.026,ms,t_curr_opnum=,35354321,use time,1.00,s
now=,974.98,s,latency=,0.026,ms,t_curr_opnum=,35392791,use time,1.00,s
now=,975.98,s,latency=,0.027,ms,t_curr_opnum=,35430362,use time,1.01,s
now=,976.98,s,latency=,0.026,ms,t_curr_opnum=,35468245,use time,1.00,s
now=,977.98,s,latency=,0.027,ms,t_curr_opnum=,35505585,use time,1.00,s
now=,978.98,s,latency=,0.026,ms,t_curr_opnum=,35543479,use time,1.00,s
now=,979.98,s,latency=,0.027,ms,t_curr_opnum=,35581061,use time,1.00,s
now=,980.98,s,latency=,0.027,ms,t_curr_opnum=,35618790,use time,1.00,s
now=,981.98,s,latency=,0.027,ms,t_curr_opnum=,35655965,use time,1.00,s
now=,982.98,s,latency=,0.019,ms,t_curr_opnum=,35709237,use time,1.00,s
now=,1091.26,s,latency=,2.490,ms,t_curr_opnum=,35752719,use time,108.28,s
now=,1092.26,s,latency=,0.011,ms,t_curr_opnum=,35847505,use time,1.00,s
now=,1093.26,s,latency=,0.014,ms,t_curr_opnum=,35920160,use time,1.00,s
now=,1094.26,s,latency=,0.015,ms,t_curr_opnum=,35986629,use time,1.00,s
now=,1095.26,s,latency=,0.016,ms,t_curr_opnum=,36049907,use time,1.00,s
now=,1096.26,s,latency=,0.017,ms,t_curr_opnum=,36110642,use time,1.00,s
now=,1097.26,s,latency=,0.017,ms,t_curr_opnum=,36169795,use time,1.00,s
now=,1098.26,s,latency=,0.017,ms,t_curr_opnum=,36227713,use time,1.00,s
now=,1099.26,s,latency=,0.018,ms,t_curr_opnum=,36284057,use time,1.00,s
now=,1100.26,s,latency=,0.018,ms,t_curr_opnum=,36339177,use time,1.00,s
now=,1101.26,s,latency=,0.018,ms,t_curr_opnum=,36395240,use time,1.00,s
now=,1102.26,s,latency=,0.019,ms,t_curr_opnum=,36449043,use time,1.00,s
now=,1103.26,s,latency=,0.019,ms,t_curr_opnum=,36501696,use time,1.00,s
now=,1104.26,s,latency=,0.019,ms,t_curr_opnum=,36553136,use time,1.00,s
now=,1105.26,s,latency=,0.019,ms,t_curr_opnum=,36605212,use time,1.00,s
now=,1106.26,s,latency=,0.019,ms,t_curr_opnum=,36656500,use time,1.00,s
now=,1107.26,s,latency=,0.020,ms,t_curr_opnum=,36707599,use time,1.00,s
now=,1108.26,s,latency=,0.020,ms,t_curr_opnum=,36758315,use time,1.00,s
now=,1109.26,s,latency=,0.020,ms,t_curr_opnum=,36808189,use time,1.00,s
now=,1110.26,s,latency=,0.020,ms,t_curr_opnum=,36858130,use time,1.00,s
now=,1111.26,s,latency=,0.020,ms,t_curr_opnum=,36907952,use time,1.00,s
now=,1112.26,s,latency=,0.020,ms,t_curr_opnum=,36957134,use time,1.00,s
now=,1113.26,s,latency=,0.021,ms,t_curr_opnum=,37004887,use time,1.00,s
now=,1114.26,s,latency=,0.022,ms,t_curr_opnum=,37050911,use time,1.00,s
now=,1115.26,s,latency=,0.022,ms,t_curr_opnum=,37096677,use time,1.00,s
now=,1116.26,s,latency=,0.022,ms,t_curr_opnum=,37141981,use time,1.00,s
now=,1117.26,s,latency=,0.021,ms,t_curr_opnum=,37189399,use time,1.00,s
now=,1118.27,s,latency=,0.021,ms,t_curr_opnum=,37236860,use time,1.00,s
now=,1119.27,s,latency=,0.021,ms,t_curr_opnum=,37284491,use time,1.00,s
now=,1120.27,s,latency=,0.021,ms,t_curr_opnum=,37331181,use time,1.00,s
now=,1121.27,s,latency=,0.021,ms,t_curr_opnum=,37377939,use time,1.00,s
now=,1122.27,s,latency=,0.021,ms,t_curr_opnum=,37424530,use time,1.00,s
now=,1123.27,s,latency=,0.022,ms,t_curr_opnum=,37470416,use time,1.00,s
now=,1124.27,s,latency=,0.022,ms,t_curr_opnum=,37516750,use time,1.00,s
now=,1125.27,s,latency=,0.022,ms,t_curr_opnum=,37562746,use time,1.00,s
now=,1126.27,s,latency=,0.022,ms,t_curr_opnum=,37608363,use time,1.00,s
now=,1127.27,s,latency=,0.022,ms,t_curr_opnum=,37653746,use time,1.00,s
now=,1128.27,s,latency=,0.022,ms,t_curr_opnum=,37699807,use time,1.00,s
now=,1129.27,s,latency=,0.022,ms,t_curr_opnum=,37745113,use time,1.00,s
now=,1130.27,s,latency=,0.022,ms,t_curr_opnum=,37790760,use time,1.00,s
now=,1131.27,s,latency=,0.022,ms,t_curr_opnum=,37836228,use time,1.00,s
now=,1132.27,s,latency=,0.022,ms,t_curr_opnum=,37882578,use time,1.00,s
now=,1133.28,s,latency=,0.022,ms,t_curr_opnum=,37928104,use time,1.01,s
now=,1134.28,s,latency=,0.022,ms,t_curr_opnum=,37973351,use time,1.00,s
now=,1135.28,s,latency=,0.022,ms,t_curr_opnum=,38018567,use time,1.00,s
now=,1136.28,s,latency=,0.022,ms,t_curr_opnum=,38063490,use time,1.00,s
now=,1137.28,s,latency=,0.023,ms,t_curr_opnum=,38107617,use time,1.00,s
now=,1138.28,s,latency=,0.022,ms,t_curr_opnum=,38152103,use time,1.00,s
now=,1139.28,s,latency=,0.023,ms,t_curr_opnum=,38196098,use time,1.00,s
now=,1140.28,s,latency=,0.023,ms,t_curr_opnum=,38240294,use time,1.00,s
now=,1141.28,s,latency=,0.023,ms,t_curr_opnum=,38284065,use time,1.00,s
now=,1142.28,s,latency=,0.022,ms,t_curr_opnum=,38330029,use time,1.00,s
now=,1143.28,s,latency=,0.021,ms,t_curr_opnum=,38377915,use time,1.00,s
now=,1144.28,s,latency=,0.023,ms,t_curr_opnum=,38421566,use time,1.00,s
now=,1145.28,s,latency=,0.023,ms,t_curr_opnum=,38464770,use time,1.00,s
now=,1146.28,s,latency=,0.023,ms,t_curr_opnum=,38507588,use time,1.00,s
now=,1147.28,s,latency=,0.023,ms,t_curr_opnum=,38551053,use time,1.00,s
now=,1148.28,s,latency=,0.023,ms,t_curr_opnum=,38593826,use time,1.00,s
now=,1149.28,s,latency=,0.023,ms,t_curr_opnum=,38636893,use time,1.00,s
now=,1150.28,s,latency=,0.024,ms,t_curr_opnum=,38679521,use time,1.01,s
now=,1151.28,s,latency=,0.023,ms,t_curr_opnum=,38722605,use time,1.00,s
now=,1152.29,s,latency=,0.024,ms,t_curr_opnum=,38765301,use time,1.00,s
now=,1153.29,s,latency=,0.023,ms,t_curr_opnum=,38809159,use time,1.00,s
now=,1154.29,s,latency=,0.024,ms,t_curr_opnum=,38851367,use time,1.00,s
now=,1155.29,s,latency=,0.024,ms,t_curr_opnum=,38892869,use time,1.00,s
now=,1156.29,s,latency=,0.023,ms,t_curr_opnum=,38935796,use time,1.00,s
now=,1157.29,s,latency=,0.024,ms,t_curr_opnum=,38978267,use time,1.00,s
now=,1158.29,s,latency=,0.023,ms,t_curr_opnum=,39021002,use time,1.00,s
now=,1159.29,s,latency=,0.024,ms,t_curr_opnum=,39063026,use time,1.00,s
now=,1160.29,s,latency=,0.024,ms,t_curr_opnum=,39105152,use time,1.00,s
now=,1161.29,s,latency=,0.024,ms,t_curr_opnum=,39147540,use time,1.00,s
now=,1162.29,s,latency=,0.023,ms,t_curr_opnum=,39190626,use time,1.00,s
now=,1163.29,s,latency=,0.024,ms,t_curr_opnum=,39232296,use time,1.00,s
now=,1164.29,s,latency=,0.025,ms,t_curr_opnum=,39272233,use time,1.00,s
now=,1165.29,s,latency=,0.025,ms,t_curr_opnum=,39312181,use time,1.00,s
now=,1166.29,s,latency=,0.025,ms,t_curr_opnum=,39351627,use time,1.00,s
now=,1167.29,s,latency=,0.026,ms,t_curr_opnum=,39390876,use time,1.01,s
now=,1168.29,s,latency=,0.025,ms,t_curr_opnum=,39431619,use time,1.00,s
now=,1169.29,s,latency=,0.023,ms,t_curr_opnum=,39474300,use time,1.00,s
now=,1170.29,s,latency=,0.024,ms,t_curr_opnum=,39515675,use time,1.00,s
now=,1171.29,s,latency=,0.024,ms,t_curr_opnum=,39557045,use time,1.00,s
now=,1172.29,s,latency=,0.024,ms,t_curr_opnum=,39598346,use time,1.00,s
now=,1173.29,s,latency=,0.024,ms,t_curr_opnum=,39639819,use time,1.00,s
now=,1174.29,s,latency=,0.024,ms,t_curr_opnum=,39681838,use time,1.00,s
now=,1175.29,s,latency=,0.023,ms,t_curr_opnum=,39724638,use time,1.00,s
now=,1176.29,s,latency=,0.025,ms,t_curr_opnum=,39765208,use time,1.00,s
now=,1177.29,s,latency=,0.024,ms,t_curr_opnum=,39807355,use time,1.00,s
now=,1178.29,s,latency=,0.024,ms,t_curr_opnum=,39848366,use time,1.00,s
now=,1179.29,s,latency=,0.024,ms,t_curr_opnum=,39889415,use time,1.00,s
now=,1180.29,s,latency=,0.025,ms,t_curr_opnum=,39929728,use time,1.00,s
now=,1181.29,s,latency=,0.025,ms,t_curr_opnum=,39970541,use time,1.00,s
now=,1182.29,s,latency=,0.023,ms,t_curr_opnum=,40013136,use time,1.00,s
now=,1183.29,s,latency=,0.024,ms,t_curr_opnum=,40054794,use time,1.00,s
now=,1184.29,s,latency=,0.025,ms,t_curr_opnum=,40095454,use time,1.00,s
now=,1185.29,s,latency=,0.025,ms,t_curr_opnum=,40135862,use time,1.00,s
now=,1186.30,s,latency=,0.025,ms,t_curr_opnum=,40176576,use time,1.00,s
now=,1187.30,s,latency=,0.024,ms,t_curr_opnum=,40217510,use time,1.00,s
now=,1188.30,s,latency=,0.024,ms,t_curr_opnum=,40258945,use time,1.00,s
now=,1189.30,s,latency=,0.025,ms,t_curr_opnum=,40298796,use time,1.00,s
now=,1190.30,s,latency=,0.025,ms,t_curr_opnum=,40338960,use time,1.00,s
now=,1191.30,s,latency=,0.025,ms,t_curr_opnum=,40378946,use time,1.01,s
now=,1192.30,s,latency=,0.025,ms,t_curr_opnum=,40419699,use time,1.00,s
now=,1193.30,s,latency=,0.025,ms,t_curr_opnum=,40459598,use time,1.00,s
now=,1194.30,s,latency=,0.025,ms,t_curr_opnum=,40499752,use time,1.00,s
now=,1195.30,s,latency=,0.025,ms,t_curr_opnum=,40539726,use time,1.00,s
now=,1196.30,s,latency=,0.025,ms,t_curr_opnum=,40580012,use time,1.00,s
now=,1197.30,s,latency=,0.025,ms,t_curr_opnum=,40620226,use time,1.00,s
now=,1198.30,s,latency=,0.025,ms,t_curr_opnum=,40660173,use time,1.00,s
now=,1199.31,s,latency=,0.025,ms,t_curr_opnum=,40699874,use time,1.00,s
now=,1200.31,s,latency=,0.025,ms,t_curr_opnum=,40739964,use time,1.00,s
now=,1201.31,s,latency=,0.025,ms,t_curr_opnum=,40779823,use time,1.00,s
now=,1202.31,s,latency=,0.025,ms,t_curr_opnum=,40819741,use time,1.00,s
now=,1203.31,s,latency=,0.025,ms,t_curr_opnum=,40858972,use time,1.00,s
now=,1204.31,s,latency=,0.026,ms,t_curr_opnum=,40897115,use time,1.00,s
now=,1205.31,s,latency=,0.026,ms,t_curr_opnum=,40935981,use time,1.00,s
now=,1206.31,s,latency=,0.023,ms,t_curr_opnum=,40978824,use time,1.00,s
now=,1207.31,s,latency=,0.023,ms,t_curr_opnum=,41021730,use time,1.00,s
now=,1208.31,s,latency=,0.025,ms,t_curr_opnum=,41061862,use time,1.00,s
now=,1209.31,s,latency=,0.025,ms,t_curr_opnum=,41101693,use time,1.00,s
now=,1210.31,s,latency=,0.025,ms,t_curr_opnum=,41141309,use time,1.00,s
now=,1211.31,s,latency=,0.025,ms,t_curr_opnum=,41181924,use time,1.00,s
now=,1212.31,s,latency=,0.025,ms,t_curr_opnum=,41221911,use time,1.00,s
now=,1213.31,s,latency=,0.025,ms,t_curr_opnum=,41261413,use time,1.00,s
now=,1214.32,s,latency=,0.025,ms,t_curr_opnum=,41301655,use time,1.01,s
now=,1215.32,s,latency=,0.025,ms,t_curr_opnum=,41341026,use time,1.00,s
now=,1216.32,s,latency=,0.025,ms,t_curr_opnum=,41380468,use time,1.00,s
now=,1217.32,s,latency=,0.025,ms,t_curr_opnum=,41420823,use time,1.00,s
now=,1218.32,s,latency=,0.026,ms,t_curr_opnum=,41459671,use time,1.00,s
now=,1219.32,s,latency=,0.026,ms,t_curr_opnum=,41498876,use time,1.00,s
now=,1220.32,s,latency=,0.026,ms,t_curr_opnum=,41537005,use time,1.00,s
now=,1221.33,s,latency=,0.026,ms,t_curr_opnum=,41576057,use time,1.00,s
now=,1222.33,s,latency=,0.024,ms,t_curr_opnum=,41617557,use time,1.00,s
now=,1223.33,s,latency=,0.026,ms,t_curr_opnum=,41656604,use time,1.00,s
now=,1224.33,s,latency=,0.025,ms,t_curr_opnum=,41695924,use time,1.00,s
now=,1225.33,s,latency=,0.023,ms,t_curr_opnum=,41740268,use time,1.00,s
now=,1226.33,s,latency=,0.025,ms,t_curr_opnum=,41779689,use time,1.00,s
now=,1227.33,s,latency=,0.026,ms,t_curr_opnum=,41818731,use time,1.00,s
now=,1228.33,s,latency=,0.026,ms,t_curr_opnum=,41856723,use time,1.00,s
now=,1229.33,s,latency=,0.026,ms,t_curr_opnum=,41894820,use time,1.00,s
now=,1230.33,s,latency=,0.026,ms,t_curr_opnum=,41932566,use time,1.00,s
now=,1.00,s,latency=,0.020,ms,t_curr_opnum=,49746,use time,1.00,s
now=,2.00,s,latency=,0.024,ms,t_curr_opnum=,92175,use time,1.00,s
now=,3.00,s,latency=,0.024,ms,t_curr_opnum=,133650,use time,1.00,s
now=,4.00,s,latency=,0.025,ms,t_curr_opnum=,174252,use time,1.00,s
now=,5.00,s,latency=,0.025,ms,t_curr_opnum=,213920,use time,1.00,s
now=,6.00,s,latency=,0.026,ms,t_curr_opnum=,252897,use time,1.00,s
now=,7.00,s,latency=,0.026,ms,t_curr_opnum=,291073,use time,1.00,s
now=,8.00,s,latency=,0.027,ms,t_curr_opnum=,328603,use time,1.00,s
now=,9.00,s,latency=,0.027,ms,t_curr_opnum=,365734,use time,1.00,s
now=,10.00,s,latency=,0.027,ms,t_curr_opnum=,402409,use time,1.00,s
now=,11.00,s,latency=,0.028,ms,t_curr_opnum=,438700,use time,1.00,s
now=,12.00,s,latency=,0.028,ms,t_curr_opnum=,474721,use time,1.00,s
now=,13.00,s,latency=,0.028,ms,t_curr_opnum=,510454,use time,1.00,s
now=,14.00,s,latency=,0.028,ms,t_curr_opnum=,545811,use time,1.00,s
now=,15.00,s,latency=,0.029,ms,t_curr_opnum=,580854,use time,1.00,s
now=,16.00,s,latency=,0.029,ms,t_curr_opnum=,615726,use time,1.00,s
now=,17.00,s,latency=,0.029,ms,t_curr_opnum=,650485,use time,1.00,s
now=,18.00,s,latency=,0.029,ms,t_curr_opnum=,684982,use time,1.00,s
now=,19.00,s,latency=,0.029,ms,t_curr_opnum=,719222,use time,1.00,s
now=,20.00,s,latency=,0.029,ms,t_curr_opnum=,753202,use time,1.00,s
now=,21.00,s,latency=,0.029,ms,t_curr_opnum=,787111,use time,1.00,s
now=,22.00,s,latency=,0.030,ms,t_curr_opnum=,820926,use time,1.00,s
now=,23.00,s,latency=,0.030,ms,t_curr_opnum=,854542,use time,1.00,s
now=,24.00,s,latency=,0.030,ms,t_curr_opnum=,887966,use time,1.00,s
now=,25.00,s,latency=,0.030,ms,t_curr_opnum=,921321,use time,1.00,s
now=,26.00,s,latency=,0.030,ms,t_curr_opnum=,954573,use time,1.00,s
now=,27.00,s,latency=,0.030,ms,t_curr_opnum=,987703,use time,1.00,s
now=,28.00,s,latency=,0.030,ms,t_curr_opnum=,1020790,use time,1.00,s
now=,29.00,s,latency=,0.030,ms,t_curr_opnum=,1053687,use time,1.00,s
now=,30.00,s,latency=,0.031,ms,t_curr_opnum=,1086429,use time,1.00,s
now=,31.00,s,latency=,0.031,ms,t_curr_opnum=,1119137,use time,1.00,s
now=,32.00,s,latency=,0.031,ms,t_curr_opnum=,1151773,use time,1.00,s
now=,33.00,s,latency=,0.031,ms,t_curr_opnum=,1184391,use time,1.00,s
now=,34.00,s,latency=,0.031,ms,t_curr_opnum=,1216876,use time,1.00,s
now=,35.00,s,latency=,0.031,ms,t_curr_opnum=,1249340,use time,1.00,s
now=,36.00,s,latency=,0.031,ms,t_curr_opnum=,1281615,use time,1.00,s
now=,37.00,s,latency=,0.031,ms,t_curr_opnum=,1314024,use time,1.00,s
now=,38.00,s,latency=,0.031,ms,t_curr_opnum=,1346303,use time,1.00,s
now=,39.00,s,latency=,0.031,ms,t_curr_opnum=,1378303,use time,1.00,s
now=,40.00,s,latency=,0.031,ms,t_curr_opnum=,1410318,use time,1.00,s
now=,41.00,s,latency=,0.031,ms,t_curr_opnum=,1442328,use time,1.00,s
now=,42.00,s,latency=,0.031,ms,t_curr_opnum=,1474256,use time,1.00,s
now=,43.00,s,latency=,0.031,ms,t_curr_opnum=,1506196,use time,1.00,s
now=,44.00,s,latency=,0.031,ms,t_curr_opnum=,1538114,use time,1.00,s
now=,45.00,s,latency=,0.031,ms,t_curr_opnum=,1569920,use time,1.00,s
now=,46.00,s,latency=,0.032,ms,t_curr_opnum=,1601606,use time,1.00,s
now=,47.00,s,latency=,0.032,ms,t_curr_opnum=,1633249,use time,1.00,s
now=,48.00,s,latency=,0.032,ms,t_curr_opnum=,1664945,use time,1.00,s
now=,49.00,s,latency=,0.032,ms,t_curr_opnum=,1696383,use time,1.00,s
now=,50.00,s,latency=,0.032,ms,t_curr_opnum=,1727729,use time,1.00,s
now=,51.00,s,latency=,0.032,ms,t_curr_opnum=,1758977,use time,1.00,s
now=,52.00,s,latency=,0.032,ms,t_curr_opnum=,1790248,use time,1.00,s
now=,53.00,s,latency=,0.032,ms,t_curr_opnum=,1821417,use time,1.00,s
now=,54.00,s,latency=,0.032,ms,t_curr_opnum=,1852499,use time,1.00,s
now=,55.00,s,latency=,0.032,ms,t_curr_opnum=,1883689,use time,1.00,s
now=,56.00,s,latency=,0.032,ms,t_curr_opnum=,1914790,use time,1.00,s
now=,57.00,s,latency=,0.032,ms,t_curr_opnum=,1945787,use time,1.00,s
now=,58.00,s,latency=,0.032,ms,t_curr_opnum=,1976846,use time,1.00,s
now=,59.00,s,latency=,0.032,ms,t_curr_opnum=,2007825,use time,1.00,s
now=,60.00,s,latency=,0.032,ms,t_curr_opnum=,2038694,use time,1.00,s
now=,61.00,s,latency=,0.032,ms,t_curr_opnum=,2069611,use time,1.00,s
now=,62.00,s,latency=,0.032,ms,t_curr_opnum=,2100509,use time,1.00,s
now=,63.00,s,latency=,0.032,ms,t_curr_opnum=,2131352,use time,1.00,s
now=,64.00,s,latency=,0.032,ms,t_curr_opnum=,2162137,use time,1.00,s
now=,65.00,s,latency=,0.032,ms,t_curr_opnum=,2192998,use time,1.00,s
now=,66.00,s,latency=,0.032,ms,t_curr_opnum=,2223905,use time,1.00,s
now=,67.00,s,latency=,0.033,ms,t_curr_opnum=,2254544,use time,1.00,s
now=,68.00,s,latency=,0.033,ms,t_curr_opnum=,2285210,use time,1.00,s
now=,69.00,s,latency=,0.033,ms,t_curr_opnum=,2315940,use time,1.00,s
now=,159.50,s,latency=,2.387,ms,t_curr_opnum=,2353856,use time,90.50,s
now=,160.50,s,latency=,0.023,ms,t_curr_opnum=,2397747,use time,1.00,s
now=,161.50,s,latency=,0.023,ms,t_curr_opnum=,2441132,use time,1.00,s
now=,162.50,s,latency=,0.024,ms,t_curr_opnum=,2483450,use time,1.00,s
now=,163.50,s,latency=,0.024,ms,t_curr_opnum=,2524718,use time,1.00,s
now=,164.50,s,latency=,0.025,ms,t_curr_opnum=,2565243,use time,1.00,s
now=,165.50,s,latency=,0.024,ms,t_curr_opnum=,2606329,use time,1.00,s
now=,166.50,s,latency=,0.025,ms,t_curr_opnum=,2646334,use time,1.00,s
now=,167.50,s,latency=,0.025,ms,t_curr_opnum=,2685994,use time,1.00,s
now=,168.50,s,latency=,0.026,ms,t_curr_opnum=,2725021,use time,1.00,s
now=,169.50,s,latency=,0.026,ms,t_curr_opnum=,2763160,use time,1.00,s
now=,170.50,s,latency=,0.027,ms,t_curr_opnum=,2800547,use time,1.00,s
now=,171.50,s,latency=,0.027,ms,t_curr_opnum=,2837103,use time,1.00,s
now=,172.50,s,latency=,0.028,ms,t_curr_opnum=,2873214,use time,1.00,s
now=,173.50,s,latency=,0.028,ms,t_curr_opnum=,2909170,use time,1.00,s
now=,174.50,s,latency=,0.028,ms,t_curr_opnum=,2944864,use time,1.00,s
now=,175.50,s,latency=,0.028,ms,t_curr_opnum=,2980229,use time,1.00,s
now=,176.50,s,latency=,0.028,ms,t_curr_opnum=,3015369,use time,1.00,s
now=,177.50,s,latency=,0.029,ms,t_curr_opnum=,3050278,use time,1.00,s
now=,178.50,s,latency=,0.029,ms,t_curr_opnum=,3085024,use time,1.00,s
now=,179.50,s,latency=,0.029,ms,t_curr_opnum=,3119643,use time,1.00,s
now=,180.50,s,latency=,0.029,ms,t_curr_opnum=,3154276,use time,1.00,s
now=,181.50,s,latency=,0.029,ms,t_curr_opnum=,3188790,use time,1.00,s
now=,182.50,s,latency=,0.029,ms,t_curr_opnum=,3222879,use time,1.00,s
now=,183.50,s,latency=,0.030,ms,t_curr_opnum=,3256748,use time,1.00,s
now=,184.50,s,latency=,0.030,ms,t_curr_opnum=,3290496,use time,1.00,s
now=,185.50,s,latency=,0.030,ms,t_curr_opnum=,3324110,use time,1.00,s
now=,186.50,s,latency=,0.030,ms,t_curr_opnum=,3357652,use time,1.00,s
now=,187.50,s,latency=,0.030,ms,t_curr_opnum=,3391002,use time,1.00,s
now=,188.50,s,latency=,0.030,ms,t_curr_opnum=,3424348,use time,1.00,s
now=,189.50,s,latency=,0.030,ms,t_curr_opnum=,3457602,use time,1.00,s
now=,190.50,s,latency=,0.030,ms,t_curr_opnum=,3490736,use time,1.00,s
now=,191.50,s,latency=,0.030,ms,t_curr_opnum=,3523814,use time,1.00,s
now=,192.50,s,latency=,0.030,ms,t_curr_opnum=,3556769,use time,1.00,s
now=,193.50,s,latency=,0.030,ms,t_curr_opnum=,3589581,use time,1.00,s
now=,194.50,s,latency=,0.031,ms,t_curr_opnum=,3622329,use time,1.00,s
now=,195.50,s,latency=,0.031,ms,t_curr_opnum=,3654977,use time,1.00,s
now=,196.50,s,latency=,0.031,ms,t_curr_opnum=,3687623,use time,1.00,s
now=,197.50,s,latency=,0.031,ms,t_curr_opnum=,3720169,use time,1.00,s
now=,198.50,s,latency=,0.031,ms,t_curr_opnum=,3752669,use time,1.00,s
now=,199.50,s,latency=,0.031,ms,t_curr_opnum=,3785119,use time,1.00,s
now=,200.50,s,latency=,0.031,ms,t_curr_opnum=,3817381,use time,1.00,s
now=,201.50,s,latency=,0.031,ms,t_curr_opnum=,3849628,use time,1.00,s
now=,202.50,s,latency=,0.031,ms,t_curr_opnum=,3881823,use time,1.00,s
now=,203.50,s,latency=,0.031,ms,t_curr_opnum=,3913959,use time,1.00,s
now=,204.50,s,latency=,0.031,ms,t_curr_opnum=,3946083,use time,1.00,s
now=,205.50,s,latency=,0.031,ms,t_curr_opnum=,3978257,use time,1.00,s
now=,206.50,s,latency=,0.031,ms,t_curr_opnum=,4010256,use time,1.00,s
now=,207.50,s,latency=,0.031,ms,t_curr_opnum=,4042169,use time,1.00,s
now=,208.50,s,latency=,0.031,ms,t_curr_opnum=,4074073,use time,1.00,s
now=,209.50,s,latency=,0.031,ms,t_curr_opnum=,4105914,use time,1.00,s
now=,210.50,s,latency=,0.032,ms,t_curr_opnum=,4137630,use time,1.00,s
now=,211.50,s,latency=,0.031,ms,t_curr_opnum=,4169495,use time,1.00,s
now=,212.50,s,latency=,0.032,ms,t_curr_opnum=,4201136,use time,1.00,s
now=,213.50,s,latency=,0.032,ms,t_curr_opnum=,4232747,use time,1.00,s
now=,214.50,s,latency=,0.032,ms,t_curr_opnum=,4264320,use time,1.00,s
now=,215.50,s,latency=,0.032,ms,t_curr_opnum=,4295712,use time,1.00,s
now=,216.50,s,latency=,0.032,ms,t_curr_opnum=,4327249,use time,1.00,s
now=,217.50,s,latency=,0.032,ms,t_curr_opnum=,4358741,use time,1.00,s
now=,218.50,s,latency=,0.032,ms,t_curr_opnum=,4390192,use time,1.00,s
now=,219.50,s,latency=,0.032,ms,t_curr_opnum=,4421534,use time,1.00,s
now=,220.50,s,latency=,0.032,ms,t_curr_opnum=,4452810,use time,1.00,s
now=,221.50,s,latency=,0.032,ms,t_curr_opnum=,4484101,use time,1.00,s
now=,222.50,s,latency=,0.032,ms,t_curr_opnum=,4515296,use time,1.00,s
now=,223.50,s,latency=,0.032,ms,t_curr_opnum=,4546491,use time,1.00,s
now=,224.50,s,latency=,0.032,ms,t_curr_opnum=,4577486,use time,1.00,s
now=,225.50,s,latency=,0.032,ms,t_curr_opnum=,4608637,use time,1.00,s
now=,226.50,s,latency=,0.032,ms,t_curr_opnum=,4639661,use time,1.00,s
now=,227.50,s,latency=,0.032,ms,t_curr_opnum=,4670599,use time,1.00,s
now=,312.91,s,latency=,4.079,ms,t_curr_opnum=,4691540,use time,85.41,s
now=,313.91,s,latency=,0.023,ms,t_curr_opnum=,4734934,use time,1.00,s
now=,314.91,s,latency=,0.025,ms,t_curr_opnum=,4775691,use time,1.00,s
now=,315.91,s,latency=,0.026,ms,t_curr_opnum=,4814704,use time,1.00,s
now=,316.91,s,latency=,0.026,ms,t_curr_opnum=,4852580,use time,1.00,s
now=,317.91,s,latency=,0.027,ms,t_curr_opnum=,4889626,use time,1.00,s
now=,318.91,s,latency=,0.027,ms,t_curr_opnum=,4926017,use time,1.00,s
now=,319.91,s,latency=,0.028,ms,t_curr_opnum=,4961984,use time,1.00,s
now=,320.91,s,latency=,0.028,ms,t_curr_opnum=,4997435,use time,1.00,s
now=,321.91,s,latency=,0.029,ms,t_curr_opnum=,5032358,use time,1.00,s
now=,322.91,s,latency=,0.029,ms,t_curr_opnum=,5066919,use time,1.00,s
now=,323.91,s,latency=,0.029,ms,t_curr_opnum=,5101334,use time,1.00,s
now=,324.91,s,latency=,0.029,ms,t_curr_opnum=,5136142,use time,1.00,s
now=,325.91,s,latency=,0.029,ms,t_curr_opnum=,5170578,use time,1.00,s
now=,326.91,s,latency=,0.029,ms,t_curr_opnum=,5204777,use time,1.00,s
now=,327.91,s,latency=,0.029,ms,t_curr_opnum=,5238771,use time,1.00,s
now=,328.91,s,latency=,0.030,ms,t_curr_opnum=,5272652,use time,1.00,s
now=,329.91,s,latency=,0.030,ms,t_curr_opnum=,5306199,use time,1.00,s
now=,330.91,s,latency=,0.030,ms,t_curr_opnum=,5339699,use time,1.00,s
now=,331.91,s,latency=,0.030,ms,t_curr_opnum=,5372986,use time,1.00,s
now=,332.91,s,latency=,0.030,ms,t_curr_opnum=,5406147,use time,1.00,s
now=,333.91,s,latency=,0.030,ms,t_curr_opnum=,5439333,use time,1.00,s
now=,334.91,s,latency=,0.030,ms,t_curr_opnum=,5472272,use time,1.00,s
now=,335.91,s,latency=,0.030,ms,t_curr_opnum=,5505249,use time,1.00,s
now=,336.91,s,latency=,0.030,ms,t_curr_opnum=,5538037,use time,1.00,s
now=,337.91,s,latency=,0.031,ms,t_curr_opnum=,5570773,use time,1.00,s
now=,338.91,s,latency=,0.031,ms,t_curr_opnum=,5603260,use time,1.00,s
now=,339.91,s,latency=,0.031,ms,t_curr_opnum=,5635694,use time,1.00,s
now=,340.91,s,latency=,0.031,ms,t_curr_opnum=,5668026,use time,1.00,s
now=,341.91,s,latency=,0.031,ms,t_curr_opnum=,5700260,use time,1.00,s
now=,342.91,s,latency=,0.031,ms,t_curr_opnum=,5732243,use time,1.00,s
now=,343.91,s,latency=,0.031,ms,t_curr_opnum=,5764204,use time,1.00,s
now=,344.91,s,latency=,0.031,ms,t_curr_opnum=,5796018,use time,1.00,s
now=,345.91,s,latency=,0.031,ms,t_curr_opnum=,5827782,use time,1.00,s
now=,346.91,s,latency=,0.031,ms,t_curr_opnum=,5859539,use time,1.00,s
now=,347.91,s,latency=,0.032,ms,t_curr_opnum=,5891136,use time,1.00,s
now=,348.91,s,latency=,0.032,ms,t_curr_opnum=,5922777,use time,1.00,s
now=,349.91,s,latency=,0.032,ms,t_curr_opnum=,5954330,use time,1.00,s
now=,350.91,s,latency=,0.032,ms,t_curr_opnum=,5985753,use time,1.00,s
now=,351.91,s,latency=,0.032,ms,t_curr_opnum=,6017125,use time,1.00,s
now=,352.91,s,latency=,0.032,ms,t_curr_opnum=,6048519,use time,1.00,s
now=,353.91,s,latency=,0.032,ms,t_curr_opnum=,6079717,use time,1.00,s
now=,354.91,s,latency=,0.032,ms,t_curr_opnum=,6111239,use time,1.00,s
now=,355.91,s,latency=,0.032,ms,t_curr_opnum=,6142364,use time,1.00,s
now=,356.91,s,latency=,0.032,ms,t_curr_opnum=,6173444,use time,1.00,s
now=,357.91,s,latency=,0.032,ms,t_curr_opnum=,6204423,use time,1.00,s
now=,358.91,s,latency=,0.032,ms,t_curr_opnum=,6235276,use time,1.00,s
now=,359.91,s,latency=,0.032,ms,t_curr_opnum=,6266202,use time,1.00,s
now=,360.91,s,latency=,0.032,ms,t_curr_opnum=,6297036,use time,1.00,s
now=,361.91,s,latency=,0.032,ms,t_curr_opnum=,6327815,use time,1.00,s
now=,362.91,s,latency=,0.033,ms,t_curr_opnum=,6358504,use time,1.00,s
now=,363.91,s,latency=,0.033,ms,t_curr_opnum=,6389212,use time,1.00,s
now=,364.91,s,latency=,0.033,ms,t_curr_opnum=,6419932,use time,1.00,s
now=,365.91,s,latency=,0.033,ms,t_curr_opnum=,6450539,use time,1.00,s
now=,366.91,s,latency=,0.033,ms,t_curr_opnum=,6481099,use time,1.00,s
now=,367.91,s,latency=,0.033,ms,t_curr_opnum=,6511682,use time,1.00,s
now=,368.91,s,latency=,0.033,ms,t_curr_opnum=,6542178,use time,1.00,s
now=,369.91,s,latency=,0.033,ms,t_curr_opnum=,6572313,use time,1.00,s
now=,370.91,s,latency=,0.033,ms,t_curr_opnum=,6602190,use time,1.00,s
now=,371.91,s,latency=,0.034,ms,t_curr_opnum=,6632032,use time,1.00,s
now=,372.91,s,latency=,0.034,ms,t_curr_opnum=,6661867,use time,1.00,s
now=,373.91,s,latency=,0.034,ms,t_curr_opnum=,6691708,use time,1.00,s
now=,374.91,s,latency=,0.034,ms,t_curr_opnum=,6721442,use time,1.00,s
now=,375.91,s,latency=,0.034,ms,t_curr_opnum=,6751135,use time,1.00,s
now=,376.91,s,latency=,0.034,ms,t_curr_opnum=,6780859,use time,1.00,s
now=,377.91,s,latency=,0.034,ms,t_curr_opnum=,6810566,use time,1.00,s
now=,378.91,s,latency=,0.034,ms,t_curr_opnum=,6840234,use time,1.00,s
now=,379.91,s,latency=,0.034,ms,t_curr_opnum=,6869816,use time,1.00,s
now=,380.91,s,latency=,0.034,ms,t_curr_opnum=,6899358,use time,1.00,s
now=,381.91,s,latency=,0.034,ms,t_curr_opnum=,6928915,use time,1.00,s
now=,382.91,s,latency=,0.034,ms,t_curr_opnum=,6958424,use time,1.00,s
now=,383.91,s,latency=,0.034,ms,t_curr_opnum=,6987811,use time,1.00,s
now=,384.91,s,latency=,0.027,ms,t_curr_opnum=,7025494,use time,1.00,s
now=,485.10,s,latency=,26.861,ms,t_curr_opnum=,7029224,use time,100.19,s
now=,486.10,s,latency=,0.023,ms,t_curr_opnum=,7072770,use time,1.00,s
now=,487.10,s,latency=,0.024,ms,t_curr_opnum=,7113773,use time,1.00,s
now=,488.10,s,latency=,0.025,ms,t_curr_opnum=,7153034,use time,1.00,s
now=,489.10,s,latency=,0.026,ms,t_curr_opnum=,7191210,use time,1.00,s
now=,490.10,s,latency=,0.027,ms,t_curr_opnum=,7228466,use time,1.00,s
now=,491.10,s,latency=,0.027,ms,t_curr_opnum=,7264988,use time,1.00,s
now=,492.10,s,latency=,0.028,ms,t_curr_opnum=,7300842,use time,1.00,s
now=,493.10,s,latency=,0.028,ms,t_curr_opnum=,7336335,use time,1.00,s
now=,494.10,s,latency=,0.028,ms,t_curr_opnum=,7371527,use time,1.00,s
now=,495.10,s,latency=,0.029,ms,t_curr_opnum=,7406270,use time,1.00,s
now=,496.10,s,latency=,0.029,ms,t_curr_opnum=,7440686,use time,1.00,s
now=,497.10,s,latency=,0.029,ms,t_curr_opnum=,7474828,use time,1.00,s
now=,498.10,s,latency=,0.029,ms,t_curr_opnum=,7508808,use time,1.00,s
now=,499.10,s,latency=,0.030,ms,t_curr_opnum=,7542512,use time,1.00,s
now=,500.10,s,latency=,0.030,ms,t_curr_opnum=,7576060,use time,1.00,s
now=,501.10,s,latency=,0.030,ms,t_curr_opnum=,7609436,use time,1.00,s
now=,502.10,s,latency=,0.030,ms,t_curr_opnum=,7642519,use time,1.00,s
now=,503.10,s,latency=,0.030,ms,t_curr_opnum=,7675399,use time,1.00,s
now=,504.10,s,latency=,0.030,ms,t_curr_opnum=,7708210,use time,1.00,s
now=,505.10,s,latency=,0.031,ms,t_curr_opnum=,7740842,use time,1.00,s
now=,506.10,s,latency=,0.031,ms,t_curr_opnum=,7773355,use time,1.00,s
now=,507.10,s,latency=,0.031,ms,t_curr_opnum=,7805763,use time,1.00,s
now=,508.10,s,latency=,0.031,ms,t_curr_opnum=,7838074,use time,1.00,s
now=,509.10,s,latency=,0.031,ms,t_curr_opnum=,7870223,use time,1.00,s
now=,510.10,s,latency=,0.031,ms,t_curr_opnum=,7902412,use time,1.00,s
now=,511.10,s,latency=,0.031,ms,t_curr_opnum=,7934324,use time,1.00,s
now=,512.10,s,latency=,0.032,ms,t_curr_opnum=,7966050,use time,1.00,s
now=,513.10,s,latency=,0.032,ms,t_curr_opnum=,7997743,use time,1.00,s
now=,514.10,s,latency=,0.032,ms,t_curr_opnum=,8029291,use time,1.00,s
now=,515.10,s,latency=,0.031,ms,t_curr_opnum=,8061038,use time,1.00,s
now=,516.10,s,latency=,0.032,ms,t_curr_opnum=,8092686,use time,1.00,s
now=,517.10,s,latency=,0.032,ms,t_curr_opnum=,8124137,use time,1.00,s
now=,518.10,s,latency=,0.032,ms,t_curr_opnum=,8155518,use time,1.00,s
now=,519.10,s,latency=,0.032,ms,t_curr_opnum=,8186773,use time,1.00,s
now=,520.10,s,latency=,0.032,ms,t_curr_opnum=,8218036,use time,1.00,s
now=,521.10,s,latency=,0.032,ms,t_curr_opnum=,8249210,use time,1.00,s
now=,522.10,s,latency=,0.032,ms,t_curr_opnum=,8280249,use time,1.00,s
now=,523.10,s,latency=,0.032,ms,t_curr_opnum=,8311312,use time,1.00,s
now=,524.10,s,latency=,0.032,ms,t_curr_opnum=,8342338,use time,1.00,s
now=,525.10,s,latency=,0.032,ms,t_curr_opnum=,8373233,use time,1.00,s
now=,526.10,s,latency=,0.032,ms,t_curr_opnum=,8404117,use time,1.00,s
now=,527.10,s,latency=,0.032,ms,t_curr_opnum=,8434940,use time,1.00,s
now=,528.10,s,latency=,0.033,ms,t_curr_opnum=,8465618,use time,1.00,s
now=,529.10,s,latency=,0.033,ms,t_curr_opnum=,8496286,use time,1.00,s
now=,530.10,s,latency=,0.033,ms,t_curr_opnum=,8526945,use time,1.00,s
now=,531.10,s,latency=,0.033,ms,t_curr_opnum=,8557475,use time,1.00,s
now=,532.10,s,latency=,0.033,ms,t_curr_opnum=,8587881,use time,1.00,s
now=,533.10,s,latency=,0.033,ms,t_curr_opnum=,8618420,use time,1.00,s
now=,534.10,s,latency=,0.033,ms,t_curr_opnum=,8648875,use time,1.00,s
now=,535.10,s,latency=,0.033,ms,t_curr_opnum=,8679182,use time,1.00,s
now=,536.10,s,latency=,0.033,ms,t_curr_opnum=,8709458,use time,1.00,s
now=,537.10,s,latency=,0.033,ms,t_curr_opnum=,8739734,use time,1.00,s
now=,538.10,s,latency=,0.033,ms,t_curr_opnum=,8769976,use time,1.00,s
now=,539.10,s,latency=,0.033,ms,t_curr_opnum=,8800222,use time,1.00,s
now=,540.10,s,latency=,0.033,ms,t_curr_opnum=,8830495,use time,1.00,s
now=,541.10,s,latency=,0.033,ms,t_curr_opnum=,8860623,use time,1.00,s
now=,542.10,s,latency=,0.033,ms,t_curr_opnum=,8890743,use time,1.00,s
now=,543.10,s,latency=,0.033,ms,t_curr_opnum=,8920767,use time,1.00,s
now=,544.10,s,latency=,0.033,ms,t_curr_opnum=,8950692,use time,1.00,s
now=,545.10,s,latency=,0.033,ms,t_curr_opnum=,8980614,use time,1.00,s
now=,546.10,s,latency=,0.033,ms,t_curr_opnum=,9010584,use time,1.00,s
now=,547.10,s,latency=,0.033,ms,t_curr_opnum=,9040459,use time,1.00,s
now=,548.10,s,latency=,0.034,ms,t_curr_opnum=,9070273,use time,1.00,s
now=,549.10,s,latency=,0.034,ms,t_curr_opnum=,9100036,use time,1.00,s
now=,550.10,s,latency=,0.034,ms,t_curr_opnum=,9129768,use time,1.00,s
now=,551.10,s,latency=,0.034,ms,t_curr_opnum=,9159549,use time,1.00,s
now=,552.10,s,latency=,0.034,ms,t_curr_opnum=,9189189,use time,1.00,s
now=,553.10,s,latency=,0.034,ms,t_curr_opnum=,9218851,use time,1.00,s
now=,554.10,s,latency=,0.034,ms,t_curr_opnum=,9248422,use time,1.00,s
now=,555.10,s,latency=,0.034,ms,t_curr_opnum=,9277983,use time,1.00,s
now=,556.10,s,latency=,0.034,ms,t_curr_opnum=,9307540,use time,1.00,s
now=,557.10,s,latency=,0.034,ms,t_curr_opnum=,9337096,use time,1.00,s
now=,659.01,s,latency=,3.418,ms,t_curr_opnum=,9366908,use time,101.91,s
now=,660.01,s,latency=,0.034,ms,t_curr_opnum=,9396557,use time,1.00,s
now=,661.01,s,latency=,1.101,ms,t_curr_opnum=,9397465,use time,1.00,s
now=,662.01,s,latency=,1.103,ms,t_curr_opnum=,9398372,use time,1.00,s
now=,663.01,s,latency=,1.103,ms,t_curr_opnum=,9399279,use time,1.00,s
now=,664.02,s,latency=,1.103,ms,t_curr_opnum=,9400186,use time,1.00,s
now=,665.02,s,latency=,1.103,ms,t_curr_opnum=,9401093,use time,1.00,s
now=,666.02,s,latency=,1.103,ms,t_curr_opnum=,9402001,use time,1.00,s
now=,667.02,s,latency=,1.104,ms,t_curr_opnum=,9402907,use time,1.00,s
now=,668.02,s,latency=,1.102,ms,t_curr_opnum=,9403815,use time,1.00,s
now=,669.02,s,latency=,1.103,ms,t_curr_opnum=,9404722,use time,1.00,s
now=,670.02,s,latency=,1.104,ms,t_curr_opnum=,9405629,use time,1.00,s
now=,671.02,s,latency=,1.105,ms,t_curr_opnum=,9406535,use time,1.00,s
now=,672.02,s,latency=,1.103,ms,t_curr_opnum=,9407442,use time,1.00,s
now=,673.02,s,latency=,1.105,ms,t_curr_opnum=,9408348,use time,1.00,s
now=,674.02,s,latency=,1.104,ms,t_curr_opnum=,9409255,use time,1.00,s
now=,675.02,s,latency=,1.104,ms,t_curr_opnum=,9410161,use time,1.00,s
now=,676.02,s,latency=,1.105,ms,t_curr_opnum=,9411067,use time,1.00,s
now=,677.02,s,latency=,1.103,ms,t_curr_opnum=,9411974,use time,1.00,s
now=,678.02,s,latency=,1.104,ms,t_curr_opnum=,9412880,use time,1.00,s
now=,679.02,s,latency=,1.105,ms,t_curr_opnum=,9413785,use time,1.00,s
now=,680.03,s,latency=,1.104,ms,t_curr_opnum=,9414691,use time,1.00,s
now=,681.03,s,latency=,1.106,ms,t_curr_opnum=,9415596,use time,1.00,s
now=,682.03,s,latency=,1.106,ms,t_curr_opnum=,9416501,use time,1.00,s
now=,683.03,s,latency=,1.104,ms,t_curr_opnum=,9417407,use time,1.00,s
now=,684.03,s,latency=,1.104,ms,t_curr_opnum=,9418313,use time,1.00,s
now=,685.03,s,latency=,1.118,ms,t_curr_opnum=,9419208,use time,1.00,s
now=,686.03,s,latency=,1.105,ms,t_curr_opnum=,9420114,use time,1.00,s
now=,687.03,s,latency=,1.104,ms,t_curr_opnum=,9421020,use time,1.00,s
now=,688.03,s,latency=,1.104,ms,t_curr_opnum=,9421926,use time,1.00,s
now=,689.03,s,latency=,1.105,ms,t_curr_opnum=,9422831,use time,1.00,s
now=,690.03,s,latency=,1.105,ms,t_curr_opnum=,9423736,use time,1.00,s
now=,691.03,s,latency=,1.104,ms,t_curr_opnum=,9424642,use time,1.00,s
now=,692.03,s,latency=,1.105,ms,t_curr_opnum=,9425547,use time,1.00,s
now=,693.03,s,latency=,1.105,ms,t_curr_opnum=,9426453,use time,1.00,s
now=,694.03,s,latency=,1.105,ms,t_curr_opnum=,9427359,use time,1.00,s
now=,695.03,s,latency=,1.106,ms,t_curr_opnum=,9428263,use time,1.00,s
now=,696.03,s,latency=,1.105,ms,t_curr_opnum=,9429169,use time,1.00,s
now=,697.04,s,latency=,1.105,ms,t_curr_opnum=,9430075,use time,1.00,s
now=,698.04,s,latency=,1.106,ms,t_curr_opnum=,9430979,use time,1.00,s
now=,699.04,s,latency=,1.105,ms,t_curr_opnum=,9431884,use time,1.00,s
now=,700.04,s,latency=,1.107,ms,t_curr_opnum=,9432788,use time,1.00,s
now=,701.04,s,latency=,1.105,ms,t_curr_opnum=,9433694,use time,1.00,s
now=,702.04,s,latency=,1.105,ms,t_curr_opnum=,9434599,use time,1.00,s
now=,703.04,s,latency=,1.105,ms,t_curr_opnum=,9435504,use time,1.00,s
now=,704.04,s,latency=,1.106,ms,t_curr_opnum=,9436409,use time,1.00,s
now=,705.04,s,latency=,1.106,ms,t_curr_opnum=,9437313,use time,1.00,s
now=,706.04,s,latency=,1.106,ms,t_curr_opnum=,9438218,use time,1.00,s
now=,707.04,s,latency=,1.105,ms,t_curr_opnum=,9439123,use time,1.00,s
now=,708.04,s,latency=,1.105,ms,t_curr_opnum=,9440028,use time,1.00,s
now=,709.04,s,latency=,1.106,ms,t_curr_opnum=,9440932,use time,1.00,s
now=,710.04,s,latency=,1.106,ms,t_curr_opnum=,9441837,use time,1.00,s
now=,711.04,s,latency=,1.105,ms,t_curr_opnum=,9442742,use time,1.00,s
now=,712.04,s,latency=,1.106,ms,t_curr_opnum=,9443646,use time,1.00,s
now=,713.04,s,latency=,1.105,ms,t_curr_opnum=,9444551,use time,1.00,s
now=,714.04,s,latency=,1.105,ms,t_curr_opnum=,9445456,use time,1.00,s
now=,715.04,s,latency=,1.107,ms,t_curr_opnum=,9446360,use time,1.00,s
now=,716.04,s,latency=,1.106,ms,t_curr_opnum=,9447265,use time,1.00,s
now=,717.04,s,latency=,1.107,ms,t_curr_opnum=,9448169,use time,1.00,s
now=,719.30,s,latency=,2.979,ms,t_curr_opnum=,9448927,use time,2.26,s
now=,720.30,s,latency=,0.027,ms,t_curr_opnum=,9485999,use time,1.00,s
now=,721.30,s,latency=,0.033,ms,t_curr_opnum=,9516650,use time,1.00,s
now=,722.31,s,latency=,0.033,ms,t_curr_opnum=,9547083,use time,1.01,s
now=,723.31,s,latency=,0.033,ms,t_curr_opnum=,9577112,use time,1.00,s
now=,724.31,s,latency=,0.034,ms,t_curr_opnum=,9606479,use time,1.00,s
now=,725.31,s,latency=,0.035,ms,t_curr_opnum=,9635372,use time,1.00,s
now=,726.31,s,latency=,0.035,ms,t_curr_opnum=,9663999,use time,1.00,s
now=,727.31,s,latency=,0.036,ms,t_curr_opnum=,9692036,use time,1.00,s
now=,728.31,s,latency=,0.036,ms,t_curr_opnum=,9720123,use time,1.00,s
now=,729.31,s,latency=,0.036,ms,t_curr_opnum=,9747769,use time,1.00,s
now=,730.31,s,latency=,0.037,ms,t_curr_opnum=,9774567,use time,1.00,s
now=,731.31,s,latency=,0.037,ms,t_curr_opnum=,9801898,use time,1.00,s
now=,732.31,s,latency=,0.036,ms,t_curr_opnum=,9829979,use time,1.00,s
now=,733.32,s,latency=,0.033,ms,t_curr_opnum=,9860000,use time,1.00,s
now=,734.32,s,latency=,0.036,ms,t_curr_opnum=,9887492,use time,1.00,s
now=,735.32,s,latency=,0.037,ms,t_curr_opnum=,9914455,use time,1.00,s
now=,736.32,s,latency=,0.037,ms,t_curr_opnum=,9941350,use time,1.00,s
now=,737.32,s,latency=,0.037,ms,t_curr_opnum=,9968243,use time,1.00,s
now=,738.33,s,latency=,0.038,ms,t_curr_opnum=,9994824,use time,1.01,s
now=,739.33,s,latency=,0.037,ms,t_curr_opnum=,10021688,use time,1.00,s
now=,740.33,s,latency=,0.038,ms,t_curr_opnum=,10048247,use time,1.01,s
now=,741.33,s,latency=,0.039,ms,t_curr_opnum=,10073620,use time,1.00,s
now=,742.33,s,latency=,0.039,ms,t_curr_opnum=,10099550,use time,1.00,s
now=,743.33,s,latency=,0.039,ms,t_curr_opnum=,10125405,use time,1.00,s
now=,744.33,s,latency=,0.039,ms,t_curr_opnum=,10151197,use time,1.00,s
now=,745.34,s,latency=,0.034,ms,t_curr_opnum=,10180939,use time,1.00,s
now=,746.34,s,latency=,0.038,ms,t_curr_opnum=,10207088,use time,1.01,s
now=,747.34,s,latency=,0.038,ms,t_curr_opnum=,10233483,use time,1.00,s
now=,748.34,s,latency=,0.039,ms,t_curr_opnum=,10259341,use time,1.00,s
now=,749.34,s,latency=,0.039,ms,t_curr_opnum=,10285061,use time,1.00,s
now=,750.34,s,latency=,0.040,ms,t_curr_opnum=,10310056,use time,1.00,s
now=,751.34,s,latency=,0.039,ms,t_curr_opnum=,10335432,use time,1.00,s
now=,752.34,s,latency=,0.039,ms,t_curr_opnum=,10361134,use time,1.00,s
now=,753.34,s,latency=,0.039,ms,t_curr_opnum=,10387069,use time,1.00,s
now=,754.35,s,latency=,0.040,ms,t_curr_opnum=,10412130,use time,1.00,s
now=,755.35,s,latency=,0.040,ms,t_curr_opnum=,10437132,use time,1.00,s
now=,756.35,s,latency=,0.040,ms,t_curr_opnum=,10462370,use time,1.00,s
